athlete_id,name,adp,espn_rank,owned,espn_slots,source
4799962,Norvel Pelle,,,,,
2489785,Ian Clark,,,0.03,SG,
5217746,Yang Hansen,341.0,341.0,0.75,C,espn
3915195,Shake Milton,,,0.05,SG,
2530751,Michael Cobbins,,,0.04,PF,
2530750,Markel Brown,,,,SG,
3915193,Sedrick Barefield,,,,,
4611557,Justin Patton,,,,,
2596247,Keifer Sykes,,,0.01,SG,
3112335,Nikola Jokic,1.0,1.0,99.91,C,espn
3906977,Devin Cannady,,,0.01,PG,
2530722,Phil Pressey,,,0.01,PG,
5144071,Eli John Ndiaye,,,0.01,PF,
5144070,Juan Nunez,,,0.01,PG,
5144067,Nikola Durisic,,,0.01,SF,
3906955,Matt Morgan,,,,,
5144059,James Nnaji,,,0.02,C,
2326015,Willie Reed,,,0.03,C,
2325975,Chris Johnson,,,0.03,SF,
3907030,CJ Massinburg,,,,,
2530782,Roscoe Smith,,,,SG,
2530780,Shabazz Napier,,,,PG,
4898237,Bez Mbeng,,,,,
4898238,John Poulakidas,,,,,
3136991,Dakota Mathias,,,0.01,SG,
3136990,Isaac Haas,,,,C,
3136989,Vincent Edwards,,,,SF,
2596402,Sim Bhullar,,,0.01,C,
4709967,Charlie Brown Jr.,,,,SF,
4578893,Vit Krejci,211.0,211.0,0.41,PG,espn
2203148,Devin Sweetney,,,,SG,
5242496,Noa Essengue,348.0,348.0,0.25,PF,espn
5242502,Ben Saraf,,,0.11,SG,
2489897,Will Cherry,,,0.03,SG,
2530923,Alfonzo McKinnie,,,0.01,SF,
3899009,Petr Cornelie,,,,PF,
3899008,Juan Vaulet,,,,SF,
3948153,Chris Boucher,349.0,349.0,0.32,"PF,C",espn
3948144,Ahmad Caver,,,,,
5144091,Jeremiah Fears,119.0,119.0,32.52,"PG,SG",espn
4898371,Maxime Raynaud,,,1.67,C,
4898369,Curtis Jones,,,0.01,SG,
5144126,Will Riley,,,0.37,SF,
4292308,Naz Mitrou-Long,,,,SF,
4316902,Nigel Hayes,,,,SF,
5095151,Caleb Wilson,66.0,66.0,72.91,SF,espn
4423309,Luka Samanic,,,,PF,
4423314,Sekou Doumbouya,,,,PF,
2326257,Kevin Jones,,,,PF,
2531054,Bryce Cotton,,,0.01,SG,
2531061,Fuquan Edwin,,,,SG,
4701845,Kadary Richmond,,,,,
3137259,Gabe Vincent,350.0,350.0,0.11,PG,espn
4677267,Sheldon Mac,,,,,
2490117,Kyle Casey,,,,SF,
2531039,Vander Blue,,,0.02,SG,
2531038,Russ Smith,,,0.01,PG,
2490089,Mike Muscala,,,,C,
2531047,Jerian Grant,,,,PG,
4595400,Olivier-Maxence Prosper,270.0,270.0,0.21,PF,espn
2531045,Eric Atkins,,,0.02,PG,
4431691,Will Baker,,,,C,
4431695,Drew Timme,,,0.03,C,
2490170,Garlon Green,,,,,
3907387,Ben Simmons,311.0,311.0,3.93,PG,espn
4431699,Kai Jones,,,0.01,PF,
4431705,Anton Watson,,,0.02,PF,
4702049,Duke Miles,,,,,
3907386,Antonio Blakeney,,,0.01,SG,
4431714,Jalen Wilson,318.0,318.0,0.18,PF,espn
3907385,Brandon Sampson,,,0.01,SG,
4431712,James Bouknight,,,,SG,
4431718,Eric Dixon,,,,,
4431720,Lester Quinones,,,0.01,SG,
3915560,Tyler Dorsey,,,,SG,
4431727,Isaiah Wong,,,0.05,PG,
2531097,Keith Appling,,,0.01,PG,
3907358,Quinndary Weatherspoon,,,,SG,
4431734,Tristan Enaruna,,,0.02,SF,
4423545,Darius Bazley,,,,PF,
3907360,Aric Holman,,,,,
4431736,Toumani Camara,152.0,152.0,26.63,"SF,PF",espn
3907359,Malik Newman,,,0.01,SG,
4423549,Amir Hinton,,,,,
2490144,Brandon Davies,,,,SF,
4431744,Armaan Franklin,,,,,
2531100,Adreian Payne,,,0.01,PF,
2326307,Seth Curry,,,0.69,"PG,SG",
4431747,Tyrell Terry,,,,PG,
2490149,CJ McCollum,80.0,80.0,76.59,"PG,SG",espn
4431752,Kobe Brown,335.0,335.0,0.21,PF,espn
2531185,Carrick Felix,,,,SG,
2531186,Corey Hawkins,,,,SG,
2326389,Chris Babb,,,,SG,
2531189,Jordan Bachynski,,,,C,
2490242,Taylor Braun,,,,SG,
2580349,Ron Baker,,,0.02,SG,
4914983,Immanuel Quickley,,,,,
2531210,Allen Crabbe,,,,SG,
4701992,Max Shulga,,,0.02,PG,
3047256,Miroslav Raduljica,,,,C,
5037878,Ugonna Onyenso,,,0.03,C,
5037871,Dylan Harper,85.0,85.0,81.86,"PG,SG",espn
4431669,Vernon Carey Jr.,,,,C,
5037873,Drake Powell,,,0.11,SG,
4431674,Armando Bacot,,,,PF,
4431673,Matt Hurt,,,,,
4431672,Nico Mannion,,,,PG,
4431671,Jaden McDaniels,96.0,96.0,77.92,"SF,PF",espn
4431678,Tyrese Maxey,12.0,12.0,99.82,"PG,SG",espn
4431677,Kahlil Whitney,,,,,
4431675,Trendon Watford,,,0.05,"SF,PF",
2326369,Colton Iverson,,,,C,
4431680,Onyeka Okongwu,62.0,62.0,79.88,C,espn
4431679,Precious Achiuwa,160.0,160.0,2.82,"PF,C",espn
4431686,Cassius Stanley,,,,SG,
4431684,Trayce Jackson-Davis,260.0,260.0,0.29,PF,espn
4702023,Adama Sanogo,,,0.01,C,
4431690,Zeke Nnaji,,,0.05,"PF,C",
4431689,Keion Brooks Jr.,,,0.01,SF,
3907408,Donta Hall,,,0.01,PF,
4431688,Jahmi'us Ramsey,,,,SG,
4431687,Patrick Williams,282.0,282.0,0.25,PF,espn
3907526,Chance Comanche,,,0.01,C,
3907525,Allonzo Trier,,,0.01,SG,
3907524,Justin Simon,,,,,
4702159,Dillon Jones,,,0.02,SF,
4431823,Miles McBride,247.0,247.0,1.24,"PG,SG",espn
4407254,Brodric Thomas,,,0.01,SG,
4431828,KJ Martin,351.0,351.0,0.08,SF,espn
2498485,Brady Heslip,,,,SG,
4407262,Danuel House,,,,,
4702177,Keon Ellis,241.0,241.0,0.91,"SG,SF",espn
4702176,Joshua Primo,,,,SG,
4685802,Robert McCray V,,,,,
2326411,James Nunnally,,,0.02,SG,
3907498,Matisse Thybulle,263.0,263.0,0.45,SF,espn
2531214,Richard Solomon,,,0.01,PF,
2580365,Larry Nance Jr.,277.0,277.0,0.2,PF,espn
3907497,Dejounte Murray,51.0,51.0,69.38,"PG,SG",espn
3907487,Marquese Chriss,,,,PF,
2326434,Casper Ware,,,,SG,
4808712,Khem Birch,,,,C,
3080186,Jeff Coby,,,,,
4431760,Nick Ongenda,,,,C,
4431766,Damion Baugh,,,0.01,SG,
4431765,Jarod Lucas,,,,,
2531319,Charlie Westbrook,,,,SG,
4431763,Jaelen House,,,,,
4431767,Christian Braun,208.0,208.0,35.1,"SG,SF",espn
4702099,Zack Austin,,,,,
4431772,Myron Gardner,,,0.03,SF,
4431778,Christian Koloko,,,0.01,C,
4431776,Jaylin Williams,,,,,
4431775,Seth Lundy,,,0.01,SG,
3080193,Robert Covington,,,,SF,
3080192,Isaiah Canaan,,,,SF,
4431786,Keshad Johnson,,,0.03,PF,
4431785,Scotty Pippen Jr.,143.0,143.0,9.46,"PG,SG",espn
3080188,Luke Petrasek,,,,SF,
4906923,Bobi Klintman,,,0.01,PF,
4702134,Norchad Omier,,,0.01,PF,
4693954,Ian Schieffelin,,,,,
3,Shareef Abdur-Rahim,,,,PF,
4431811,Dereon Seabron,,,0.01,SG,
32776,Paul Pressey,,,,SG,
9,Ray Allen,,,,SG,
4431816,Jesse Edwards,,,0.0,C,
10,Malik Allen,,,,PF,
11,Rafer Alston,,,,PG,
2531376,Joshua Smith,,,,C,
2531373,Lazeric Jones,,,,PG,
18,Derek Anderson,,,,SG,
24,Darrell Armstrong,,,,PG,
25,Metta World Peace,,,,SF,
26,Chucky Atkins,,,,PG,
4431964,Max Fiedler,,,,,
4431973,Caleb Grill,,,,,
42,Brent Barry,,,,SG,
44,Maceo Baston,,,,PF,
45,Tony Battie,,,,C,
49,Raja Bell,,,,SG,
50,Jonathan Bender,,,,SF,
2531352,Eric Moreland,,,0.01,PF,
2531362,Anthony Brown,,,0.05,SF,
61,Mike Bibby,,,,PG,
63,Chauncey Billups,,,,PG,
2146341,Dan Nwaelele,,,,PF,
2531367,Dwight Powell,352.0,352.0,0.07,C,espn
70,Mark Blount,,,,C,
2531364,Josh Huestis,,,0.01,SF,
77,Calvin Booth,,,,C,
2580589,Nick Johnson,,,,SG,
83,Bruce Bowen,,,,SF,
5177362,Riley Minix,,,0.01,SF,
84,Ryan Bowen,,,,PF,
4431893,Jamison Battle,,,0.04,SF,
4702233,JT Thor,,,0.03,PF,
87,Earl Boykins,,,,PG,
91,Elton Brand,,,,PF,
94,Primoz Brezec,,,,C,
4415522,Ray Spalding,,,,,
97,Dee Brown,,,,SG,
99,P.J. Brown,,,,PF,
5160992,Alex Sarr,75.0,75.0,78.09,"PF,C",espn
4431914,Tyler Burton,,,,,
110,Kobe Bryant,,,,SG,
111,Greg Buckner,,,,SG,
4431925,Jamir Chaplin,,,,,
125,Marcus Camby,,,,C,
4415554,Corey Brewer,,,,,
130,Brian Cardinal,,,,PF,
4431941,RayJ Dennis,,,0.01,PG,
136,Vince Carter,,,,SF,
137,Anthony Carter,,,,PG,
138,Sam Cassell,,,,PG,
4431943,Marcus Domask,,,,,
4423885,Didi Louzada,,,,SG,
4423884,Henri Drell,,,,,
4423883,Deividas Sirvydis,,,,SF,
3907785,Dedric Lawson,,,,,
4423888,Daulton Hommes,,,,SF,
4423887,Jalen Lecque,,,0.02,PG,
3137713,Zylan Cheatham,,,0.01,SF,
150,Speedy Claxton,,,,PG,
151,Mateen Cleaves,,,,PG,
3907778,Rob Gray,,,,,
3063982,Maurice Ndour,,,0.01,SF,
2531507,J.J. Avila,,,,PF,
4407512,Rodions Kurucs,,,,,
4702431,Andersson Garcia,,,,,
3137733,Rashad Vaughn,,,0.01,SF,
3137730,Patrick McCaw,,,,SG,
4702442,Matthew Murrell,,,,,
165,Jamal Crawford,,,,SG,
167,Austin Croshere,,,,PF,
4432105,Tyrese Samuel,,,,,
4432103,DJ Rodman,,,,,
4432107,Marcus Sasser,315.0,315.0,0.13,PG,espn
4432117,Isaiah Stevens,,,0.01,PG,
181,Erick Dampier,,,,C,
183,Antonio Daniels,,,,PG,
193,Ricky Davis,,,,SF,
194,Baron Davis,,,,PG,
3137694,Gian Clavell,,,0.01,SG,
202,Kaniel Dickens,,,,PF,
203,Michael Dickerson,,,,SG,
4702352,Kobe Sanders,,,0.1,SG,
207,Michael Doleac,,,,C,
209,Keyon Dooling,,,,PG,
3096818,Earl Clark,,,,PF,
215,Tim Duncan,,,,PF,
3137798,Devin Robinson,,,0.01,SF,
2490620,Robert Covington,,,0.03,PF,
3137795,Chris Chiozza,,,0.01,PG,
3907822,Malik Beasley,,,0.03,SG,
3907821,Dwayne Bacon,,,,SG,
3907824,Christ Koumadje,,,,C,
4702372,Azuolas Tubelis,,,,,
234,Francisco Elson,,,,C,
3907823,Terance Mann,252.0,252.0,0.39,"SG,SF",espn
4702384,Nique Clifford,218.0,218.0,1.16,"SG,SF",espn
4702382,Tristan da Silva,240.0,240.0,0.6,"SF,PF",espn
3678440,Earl Clark,,,,SF,
242,Michael Finley,,,,SF,
246,Derek Fisher,,,,PG,
5234862,Jack Kayil,,,0.01,"PG,SG",
250,Jeff Foster,,,,C,
254,Adonal Foyle,,,,C,
255,Steve Francis,,,,PG,
2490589,Isaiah Canaan,,,,PG,
4432070,Quincy Olivari,,,0.0,PG,
261,Kevin Garnett,,,,PF,
3907788,Jeremiah Martin,,,,PG,
4432068,Josh Oduro,,,0.01,C,
4423882,Joshua Obiesie,,,,,
264,Pat Garrity,,,,PF,
267,Devean George,,,,SF,
2580784,Jabari Brown,,,0.01,SG,
270,Eddie Gill,,,,PG,
2580782,Spencer Dinwiddie,353.0,353.0,0.37,"PG,SG",espn
272,Manu Ginobili,,,,SG,
273,Gordan Giricek,,,,SG,
2982192,Olivier Hanlan,,,0.01,PG,
3129674,Donte Grantham,,,0.01,SF,
285,Adrian Griffin,,,,SF,
5243213,Egor Demin,,,,PG,
294,Richard Hamilton,,,,SG,
3088700,Darius Morris,,,,SG,
298,Tom Hammonds,,,,PF,
4710770,Meechie Johnson,,,,,
302,Penny Hardaway,,,,SF,
4432241,Jamal Shead,167.0,167.0,1.76,PG,espn
305,Ron Harper,,,,,
306,Matt Harpring,,,,SF,
4432239,Justin Lewis,,,,,
307,Othella Harrington,,,,PF,
308,Al Harrington,,,,PF,
4432250,Justin Powell,,,,,
312,Jason Hart,,,,PG,
4432247,Jaylen Clark,327.0,327.0,0.27,SG,espn
2982185,Jameel Warney,,,0.02,PF,
3899662,Luka Mitrovic,,,0.01,SF,
4702602,CJ Huntley,,,0.01,SF,
3899664,Simone Fontecchio,268.0,268.0,0.22,SF,espn
3899663,Dimitrios Agravanis,,,0.01,PF,
5112087,Jaylen Wells,232.0,232.0,1.0,"SG,SF",espn
336,Grant Hill,,,,SF,
2982261,Marcus Georges-Hunt,,,0.01,SG,
347,Robert Horry,,,,PF,
4432158,Evan Mobley,34.0,34.0,98.67,"PF,C",espn
348,Eddie House,,,,PG,
349,Allan Houston,,,,SG,
351,Juwan Howard,,,,PF,
4432162,Brandon Boston Jr.,,,0.01,SG,
4432161,Greg Brown III,,,,PF,
353,Troy Hudson,,,,PG,
4432166,Cade Cunningham,7.0,7.0,99.85,PG,espn
356,Larry Hughes,,,,SG,
4432165,Jalen Suggs,151.0,151.0,29.31,"PG,SG",espn
4432164,Jaden Springer,,,0.01,SG,
359,Lindsey Hunter,,,,PG,
2982268,Jake Layman,,,,SF,
4432170,Isaiah Jackson,229.0,229.0,0.85,"PF,C",espn
4432168,Josh Christopher,,,0.01,SG,
362,Zydrunas Ilgauskas,,,,C,
4432174,Cam Thomas,354.0,354.0,23.24,"SG,SF",espn
4415789,John Jenkins,,,,,
4432173,Sharife Cooper,,,0.12,PG,
366,Allen Iverson,,,,SG,
4432171,Moses Moody,344.0,344.0,0.59,"SG,SF",espn
4432176,Daishen Nix,,,0.01,PG,
3113298,Nemanja Dangubic,,,,SG,
3113297,Bruno Caboclo,,,,SF,
4432181,Julian Strawther,305.0,305.0,0.23,SF,espn
4432180,Hunter Dickinson,,,0.03,C,
4432179,MarJon Beauchamp,,,0.02,SG,
376,Bobby Jackson,,,,PG,
4432185,Micah Peavy,,,0.02,SF,
378,Stephen  Jackson,,,,SG,
4432183,Makur Maker,,,,C,
2982248,Rasheed Sulaimon,,,,SG,
4432190,Andre Jackson Jr.,355.0,355.0,0.06,SG,espn
4432189,Dain Dainja,,,,,
4432188,Dawson Garcia,,,,,
2982249,Amile Jefferson,,,0.01,PF,
4432187,Reece Beekman,,,0.01,PG,
383,Jerome James,,,,C,
4432194,Day'Ron Sharpe,137.0,137.0,6.76,C,espn
2982243,Landry Nnoko,,,,C,
385,Antawn Jamison,,,,PF,
4432192,Keon Johnson,,,0.01,SG,
387,Marko Jaric,,,,SG,
2982240,Jaron Blossomgame,,,,SF,
396,Anthony Johnson,,,,PG,
2580913,Dewayne Dedmon,,,0.03,C,
2982330,Brice Johnson,,,0.04,PF,
398,DerMarr Johnson,,,,SF,
2982329,Marcus Paige,,,0.01,PG,
4702670,Grant Nelson,,,,,
402,Eddie Jones,,,,SG,
406,Damon Jones,,,,PG,
3064237,Antonius Cleveland,,,0.01,SG,
2982344,Codi Miller-McIntyre,,,,,
2982340,Justin Anderson,,,,SF,
3088835,Leandro  Barbosa,,,,PF,
2531786,C.J. Fair,,,,SF,
4432356,Johnny Davis,,,0.01,SG,
2982337,Mike Tobey,,,0.01,C,
2982332,Rodney Purvis,,,0.01,SG,
2982331,J.P. Tokoto,,,0.02,SG,
2982334,T.J. Warren,,,,SF,
4612593,Marques Bolden,,,,,
429,Jason Kidd,,,,PG,
4833782,Khyri Thomas,,,,,
4702702,D'Moi Hodge,,,,,
434,Andrei Kirilenko,,,,SF,
440,Brevin Knight,,,,PG,
2580898,Chasson Randle,,,0.01,PG,
4981257,Gabriel Lundberg,,,,,
3064230,Cameron Payne,356.0,356.0,0.07,PG,espn
454,Raef LaFrentz,,,,C,
4432394,Cameron Matthews,,,,,
4997528,Nikola Jovic,235.0,235.0,1.76,PF,espn
4997529,Ismael Kamagate,,,0.01,C,
4997530,Khalifa Diop,,,0.02,C,
3064309,Jordan Mathews,,,,SG,
3064308,Jabari Bird,,,,SG,
4997526,Ousmane Dieng,,,0.28,SF,
469,Rashard Lewis,,,,PF,
4325780,Tim Quarterman,,,,SF,
2580980,Malcolm Miller,,,0.01,SF,
4997539,Luke Travers,,,0.01,SG,
4997536,Gui Santos,242.0,242.0,1.15,SF,espn
2581000,BJ Young,,,,SG,
4997537,Tristan Vukcevic,284.0,284.0,0.16,PF,espn
3064320,George King,,,,SF,
4997538,Karlo Matkovic,,,0.04,PF,
4997531,Yannick Nzosa,,,0.01,C,
4997532,Matteo Spagnolo,,,0.01,PG,
489,Tyronn Lue,,,,PG,
496,Mark Madsen,,,,C,
497,Corey Maggette,,,,SF,
4784570,Maurice Harkless,,,,,
498,Jamaal Magloire,,,,C,
2531797,Jordan McRae,,,,SG,
2982349,Tyler Cavanaugh,,,0.01,PF,
509,Stephon Marbury,,,,PG,
4702656,Alijah Martin,,,0.02,SG,
510,Shawn Marion,,,,SF,
511,Sean Marks,,,,C,
512,Donyell Marshall,,,,PF,
3064291,Rondae Hollis-Jefferson,,,,PF,
514,Darrick Martin,,,,PG,
3154386,Yuki Togashi,,,,PF,
515,Kenyon Martin,,,,PF,
4784572,Avery Bradley,,,,,
3064290,Aaron Gordon,134.0,134.0,48.07,PF,espn
4784571,Kelly Olynyk,,,,,
518,Desmond Mason,,,,SF,
4784573,Chris Silva,,,,,
525,Jelani McCoy,,,,C,
530,Antonio McDyess,,,,PF,
532,Tracy McGrady,,,,SG,
4235860,Yannis Morin,,,,C,
535,Jeff McInnis,,,,PG,
3138120,Mindaugas Kuzminskas,,,0.03,PF,
4711005,Trevon Scott,,,,,
2982469,Beau Beech,,,,SG,
549,Chris Mihm,,,,C,
550,Darius Miles,,,,SF,
2327107,Toure' Murry,,,,SF,
556,Brad Miller,,,,C,
557,Andre Miller,,,,PG,
558,Mike Miller,,,,SF,
2581018,Kentavious Caldwell-Pope,259.0,259.0,0.97,"SG,SF",espn
566,Cuttino Mobley,,,,SG,
568,Nazr Mohammed,,,,C,
3949086,Toney Douglas,,,,SG,
3138088,Corey Webster,,,,SG,
575,Mikki Moore,,,,C,
580,Alonzo Mourning,,,,C,
2581029,Kyle Wiltjer,,,,PF,
3064441,Bryce Alford,,,,SG,
588,Dikembe Mutombo,,,,C,
3056247,Kendrick Nunn,,,0.01,SG,
3064440,Zach LaVine,131.0,131.0,64.65,"SG,SF",espn
591,Eduardo Najera,,,,PF,
3056245,Malcolm Hill,,,,,
592,Steve Nash,,,,PG,
3064436,Marcus Allen,,,,,
3113587,Cristiano Felicio,,,0.02,C,
3138161,Cody Martin,,,0.01,SG,
4702745,Amari Williams,,,0.05,C,
3138160,Caleb Martin,308.0,308.0,0.18,SG,espn
598,Rasho Nesterovic,,,,C,
4702743,Andrew Carr,,,,,
3064430,Elgin Cook,,,,SF,
601,Ira Newble,,,,SF,
3064427,Jordan Bell,,,,C,
3138156,Justin Jackson,,,,SF,
3138155,Joel Berry II,,,0.02,PG,
3064457,Nigel Williams-Goss,,,,PG,
3064455,Darin Johnson,,,,,
609,Dirk Nowitzki,,,,PF,
3064451,Nikola Jovanovic,,,,PF,
3064450,Julian Jacobs,,,,PG,
3064447,Delon Wright,357.0,357.0,0.05,PG,espn
614,Shaquille O'Neal,,,,C,
615,Jermaine O'Neal,,,,C,
3056253,Peter Jok,,,,SG,
5104156,Armel Traore,,,0.01,SF,
5104155,Bilal Coulibaly,197.0,197.0,2.72,"SG,SF",espn
617,Lamar Odom,,,,PF,
5104157,Victor Wembanyama,4.0,4.0,99.93,C,espn
620,Kevin Ollie,,,,PG,
623,Bo Outlaw,,,,PF,
627,Olumide Oyedeji,,,,C,
3129932,Xavier Cooks,,,,,
635,Anthony Parker,,,,SG,
3138154,Theo Pinson,,,0.01,SG,
4432446,Jabari Walker,,,0.09,PF,
4702785,Jahmyl Telfort,,,0.01,PF,
2982506,Patricio Garino,,,,SG,
4702784,J'Vonne Hadley,,,,,
638,Ruben Patterson,,,,SF,
2581084,Johnny O'Bryant III,,,,PF,
3138146,James Palmer Jr.,,,,,
4432452,Alex Antetokounmpo,,,0.15,SF,
3129951,Elijah Bryant,,,,SG,
3080890,Lou Amundson,,,,C,
3080889,Josh Childress,,,,SF,
4432588,John Butler Jr.,,,,,
656,Morris Peterson,,,,SG,
660,Eric Piatkowski,,,,SF,
2581177,Rodney Hood,,,,SG,
2491063,Shayne Whittington,,,0.04,C,
662,Paul Pierce,,,,SF,
664,Scot Pollard,,,,C,
2491074,Damen Bell-Holter,,,,PF,
2581184,Anthony Gill,,,0.02,PF,
3064520,Jordan Mickey,,,0.01,PF,
671,James Posey,,,,SF,
3064517,Jarell Martin,,,,PF,
2581180,Shawn Long,,,0.01,PF,
3064515,Derek Willis,,,,PF,
3064516,Dakari Johnson,,,0.01,C,
3064514,Julius Randle,49.0,49.0,86.83,PF,espn
2491079,Nate Wolters,,,0.05,PG,
3064511,Andrew Harrison,,,,PG,
2581190,Josh Richardson,,,0.01,SG,
3064509,James Young,,,,SG,
3064510,Aaron Harrison,,,0.01,SG,
682,Joel Przybilla,,,,C,
3064508,Marcus Lee,,,,,
3138201,Marial Shayok,,,,SF,
687,Theo Ratliff,,,,C,
3138196,Cameron Johnson,154.0,154.0,6.6,"SF,PF",espn
3056273,Derrick Walton Jr.,,,0.03,PG,
692,Michael Redd,,,,SG,
3138192,Bonzie Colson,,,0.01,PF,
3138190,Matt Farrell,,,,,
703,Quentin Richardson,,,,SF,
4702972,Chris Manon,,,0.01,SG,
4432639,Jabari Smith Jr.,120.0,120.0,53.94,"PF,C",espn
4432646,Kennedy Chandler,,,0.04,PG,
3064482,Bobby Portis,165.0,165.0,21.7,"PF,C",espn
3138209,Terry Larrier,,,,,
4432645,Trevor Keels,,,0.01,SG,
3064479,Ike Iroegbu,,,,PG,
3138206,Justin Tillman,,,,,
3138203,Isaiah Wilkins,,,,,
4432528,Karim Mane,,,0.01,SG,
3064559,Damian Jones,,,,C,
3064560,Luke Kornet,257.0,257.0,1.28,C,espn
4702882,KJ Martin,,,,,
739,Malik Rose,,,,PF,
4432550,Mike Miles Jr.,,,,,
4588201,Steven Crowl,,,,C,
4711081,Bryce Brown,,,,,
741,Michael Ruffin,,,,C,
3908336,Matt Ryan,,,0.01,SF,
3007191,Egidijus Mockevicius,,,,PF,
4711087,Elie Okobo,,,,,
4711086,Paul Eboua,,,,,
3138256,DeVaughn Akoon-Purcell,,,0.03,SG,
3064528,Johnathan Williams,,,0.04,C,
4432573,Paolo Banchero,45.0,45.0,98.35,"SF,PF",espn
2581213,Michael Holyfield,,,,C,
3138274,Donte Ingram,,,,,
4432582,Max Christie,184.0,184.0,1.89,SG,espn
4432586,Nate Bittle,,,,C,
4432585,AJ Griffin,,,0.01,SF,
3064539,Sindarius Thornwell,,,,SG,
779,Brian Skinner,,,,C,
3146557,Jock Landale,,,0.18,C,
788,Joe Smith,,,,PF,
796,Eric Snow,,,,PG,
4711263,Bryson Warren,,,,,
4432737,Jaden Bradley,,,0.07,PG,
802,Jerry Stackhouse,,,,SG,
4432735,Dariq Whitehead,358.0,358.0,0.07,SF,espn
4711272,Reed Sheppard,88.0,88.0,72.49,"PG,SG",espn
808,DeShawn Stevenson,,,,SG,
813,Peja Stojakovic,,,,SF,
4432753,Gabe Madsen,,,,,
817,Damon Stoudamire,,,,PG,
4711297,Justin Edwards,,,0.2,SF,
829,Stromile Swift,,,,C,
831,Wally Szczerbiak,,,,SG,
4711294,Matas Buzelis,76.0,76.0,68.84,"SF,PF",espn
2327331,Jason Washburn,,,,C,
841,Jason Terry,,,,SG,
4596611,Justin Robinson,,,,,
2990968,Naz Mitrou-Long,,,0.02,SG,
846,Kurt Thomas,,,,C,
2990969,Georges Niang,359.0,359.0,0.2,PF,espn
847,Tim Thomas,,,,PF,
848,John Thomas,,,,C,
849,Kenny Thomas,,,,PF,
851,Etan Thomas,,,,C,
2990962,Taurean Prince,312.0,312.0,0.25,SF,espn
2990984,Buddy Hield,278.0,278.0,1.16,"SG,SF",espn
2990983,Isaiah Cousins,,,0.01,SG,
862,Hedo Turkoglu,,,,SF,
866,Ime Udoka,,,,SF,
869,Keith Van Horn,,,,PF,
2990977,Perry Ellis,,,,PF,
2990972,Andrew White III,,,0.03,SG,
874,Jacque Vaughn,,,,PG,
4596528,Lawson Lovering,,,0.01,C,
879,Jake Voskuhl,,,,C,
881,Antoine Walker,,,,PF,
4277041,Taylor Braun,,,,SG,
883,Rasheed Wallace,,,,C,
885,Ben Wallace,,,,C,
3064652,Skyler Flatten,,,,,
897,Chris Webber,,,,PF,
901,Bonzi Wells,,,,SF,
2999133,Micah  Downs,,,,SG,
4432846,Jaden Shackelford,,,,,
4432848,Jaime Jaquez Jr.,111.0,111.0,36.0,"SG,SF",espn
4432847,Terrence Shannon Jr.,283.0,283.0,0.55,SG,espn
3163079,Darius Morris,,,,SG,
923,Aaron Williams,,,,C,
2991047,Ryan Arcidiacono,,,0.01,PG,
2991050,Daniel Ochefu,,,0.01,PF,
2991044,Kellen Dunham,,,,SG,
2991043,Caris LeVert,261.0,261.0,0.87,"SG,SF",espn
2991039,Glenn Robinson III,,,,SF,
4432869,Zach Freemantle,,,,,
933,Jason Williams,,,,PG,
2991042,Nik Stauskas,,,,SG,
2991041,Mitch McGary,,,0.01,PF,
4432872,Emanuel Miller,,,0.01,PF,
3908521,Bryce Brown,,,,,
2990992,Marcus Smart,250.0,250.0,1.4,"PG,SG",espn
2990991,Kamari Murphy,,,,PF,
2327449,Jorge Gutierrez,,,0.02,PG,
4432887,Tyson Etienne,,,0.01,PG,
2991018,Yogi Ferrell,,,0.01,SG,
959,Lorenzen Wright,,,,C,
2991011,Gabe York,,,,,
2991007,Brandon Ashley,,,,PF,
2991010,Kaleb Tarczewski,,,,C,
2991009,Grant Jerrett,,,0.01,PF,
2327465,Drew Gordon,,,0.03,PF,
3924880,Diamond Stone,,,0.02,C,
4498319,Matur Maker,,,,,
3097593,Royce White,,,,SF,
974,Gilbert Arenas,,,,PG,
976,Shane Battier,,,,SF,
4703115,Jaron Pierre Jr.,,,0.02,SG,
981,Kwame Brown,,,,C,
984,Tyson Chandler,,,,C,
987,Jason Collins,,,,C,
988,Jarron Collins,,,,C,
989,Omar Cook,,,,,
990,Eddy Curry,,,,C,
991,Samuel Dalembert,,,,C,
992,DeSagana Diop,,,,C,
4277156,Bronson Koenig,,,,PF,
996,Pau Gasol,,,,C,
998,Trenton Hassell,,,,SF,
4432810,Isaiah Stewart,158.0,158.0,3.2,"PF,C",espn
1000,Brendan Haywood,,,,C,
4432809,Cole Anthony,360.0,360.0,0.28,"PG,SG",espn
4432808,James Wiseman,,,0.09,C,
1002,Steven Hunter,,,,C,
3056601,Matt Jones,,,,SG,
3056602,Semi Ojeleye,,,,PF,
4432813,Jeremiah Robinson-Earl,361.0,361.0,0.07,PF,espn
4432812,Scottie Lewis,,,,SG,
1006,Richard Jefferson,,,,SF,
3056600,Jabari Parker,,,,PF,
4432811,Josh Green,322.0,322.0,0.16,SG,espn
1007,Joe Johnson,,,,SG,
4432817,Johnny Juzang,,,0.0,SG,
4432816,LaMelo Ball,27.0,27.0,99.39,PG,espn
4432815,Isaiah Mobley,,,0.02,PF,
4432822,Isaac Okoro,280.0,280.0,0.2,"SG,SF",espn
2991055,Montrezl Harrell,,,,C,
4080610,Hamidou Diallo,,,,SG,
4432821,E.J. Liddell,,,0.01,PF,
1013,Troy Murphy,,,,PF,
4432820,D.J. Carton,,,0.01,PG,
1014,Mehmet Okur,,,,C,
4432819,Tre Mann,303.0,303.0,0.22,"PG,SG",espn
1015,Tony Parker,,,,PG,
4432826,Romeo Weems,,,,,
1016,Vladimir Radmanovic,,,,SF,
1017,Zach Randolph,,,,PF,
2991054,Mangok Mathiang,,,0.01,PF,
1018,Jason Richardson,,,,SG,
4432823,Jaylin Williams,237.0,237.0,2.09,"PF,C",espn
4432829,Balsa Koprivica,,,,C,
4711361,Juan Toscano-Anderson,,,,,
1021,Brian Scalabrine,,,,PF,
1022,Bobby Simmons,,,,SF,
4432827,Oscar Tshiebwe,,,0.03,C,
1023,Will Solomon,,,,PG,
1024,Jamaal Tinsley,,,,PG,
1026,Gerald Wallace,,,,SF,
1027,Earl Watson,,,,PG,
1029,Loren Woods,,,,C,
1031,Maurice Evans,,,,SF,
2991070,Jerami Grant,145.0,145.0,10.97,PF,espn
1034,Charlie Bell,,,,SG,
2327597,Kenny Kadji,,,,PF,
4432971,Alex Ducas,,,0.01,SG,
2991155,Danuel House Jr.,,,0.01,SF,
4039747,Ding Yanyuhang,,,,,
4432976,Coleman Hawkins,,,,,
4613195,Jarred Vanderbilt,,,,,
2991149,Damyean Dotson,,,,SG,
1051,Mike James,,,,PG,
2991178,AJ Hammons,,,0.03,C,
1055,Carlos Arroyo,,,,PG,
2229314,Cody Dempsey,,,,,
4613226,James Ennis III,,,,,
4432996,Quincy Guerrier,,,,,
2327577,JaMychal Green,,,0.02,PF,
2991143,Ricky Ledo,,,,SG,
2991139,Kris Dunn,210.0,210.0,0.88,"PG,SG",espn
2991136,JaCorey Williams,,,,PF,
4195459,Archie Goodwin,,,,SF,
2991138,Michael Qualls,,,,SG,
2991134,Coty Clarke,,,0.01,PF,
4236300,Mitchell Creek,,,0.01,SF,
4432907,Justin Champagnie,,,0.2,"SF,PF",
2999409,Willy Hernangomez,,,,C,
5211176,Tidjane Salaun,,,0.09,PF,
5211175,Zaccharie Risacher,230.0,230.0,2.6,SF,espn
2991235,Steven Adams,324.0,324.0,0.44,C,espn
2991231,Nick Wiggins,,,,SG,
2999423,Tyler  Wilkerson,,,,PF,
4432932,Max Abmas,,,,,
2999425,Wesley  Witherspoon,,,,SG,
2991227,Cleanthony Early,,,0.02,SF,
2991230,Fred VanVleet,89.0,89.0,44.41,"PG,SG",espn
2327630,Dee Bost,,,0.02,PG,
1135,Chris Andersen,,,,C,
2991188,Geron Johnson,,,,SG,
4432946,Jalen Bridges,,,0.03,SF,
2327632,Romero Osby,,,,SF,
2991184,Sam Dekker,,,,PF,
3712091,Steve Nash,,,,SF,
4842541,Elijah Bryant,,,,,
4432957,Yuri Collins,,,,,
3908806,Ray Spalding,,,,PF,
2991283,Alex Poythress,,,0.01,PF,
3908809,Donovan Mitchell,10.0,10.0,99.84,"PG,SG",espn
3908807,Deng Adel,,,0.01,SF,
2991280,Nerlens Noel,,,,C,
2991282,Willie Cauley-Stein,,,,C,
2991281,Archie Goodwin,,,0.01,SG,
4285659,Jahlil Tripp,,,,,
2991295,Matt Williams Jr.,,,0.03,SG,
4433134,Scottie Barnes,15.0,15.0,99.48,"SG,SF",espn
2991255,Michael Frazier,,,0.01,SG,
4433133,Jahmir Young,,,0.09,PG,
4433138,Nimari Burnett,,,,,
4433137,Ziaire Williams,248.0,248.0,0.49,"SG,SF",espn
4433136,Walker Kessler,69.0,69.0,82.22,C,espn
2991247,Zach Auguste,,,,PF,
4433144,Caleb Love,,,0.16,SG,
4433149,LJ Cryer,,,,,
2991274,Shaquille Harrison,,,0.02,SG,
4433147,Marcus Bagley,,,,,
4433157,Josh Hall,,,0.01,SF,
2999451,Hank  Thorns,,,,SG,
4433159,Dalen Terry,362.0,362.0,0.06,SF,espn
2999546,Matt Costello,,,0.01,PF,
2991350,Alex Caruso,173.0,173.0,6.87,"PG,SG",espn
5358755,Vsevolod Ishchenko,,,0.02,SG,
3908845,John Collins,102.0,102.0,66.64,"PF,C",espn
3908843,Doral Moore,,,,C,
4662438,Anthony Tolliver,,,,,
2999547,Gary Harris,339.0,339.0,0.12,SG,espn
4703397,Drake Jeffries,,,,,
4703396,Graham Ike,,,,,
2999549,Denzel Valentine,,,,SG,
2991312,Craig Sword,,,,,
4433076,Ben Sheppard,310.0,310.0,0.18,"SG,SF",espn
3908819,Rayjon Tucker,,,0.01,SF,
4433083,Cam Spencer,363.0,363.0,1.46,"PG,SG",espn
4703421,Taelon Peter,,,0.01,SG,
2991327,Stefan Jankovic,,,,PF,
4408516,Jawun Evans,,,,,
4433246,Patrick Baldwin Jr.,,,0.02,SF,
4433249,Moussa Diabate,166.0,166.0,5.1,"PF,C",espn
4433247,Jonathan Kuminga,156.0,156.0,17.02,"SF,PF",espn
4433254,Kendall Brown,,,0.01,SF,
4433255,Chet Holmgren,71.0,71.0,93.5,"PF,C",espn
2991381,Derek Cooke Jr.,,,,PF,
3908903,Sean McDermott,,,0.01,SG,
4433268,Trey Alexander,,,0.02,SG,
2327832,Trey McKinney-Jones,,,0.02,SG,
4433281,Hunter Sallis,,,0.01,SG,
4433287,Brandon Miller,60.0,60.0,81.09,"SG,SF",espn
2991475,Bryce Dejean-Jones,,,,SG,
4433174,Dylan Cardwell,,,0.2,C,
5178640,Adam Flagler,,,,,
2991473,Anthony Bennett,,,,PF,
4408595,Danuel House Jr.,,,,,
4433176,RJ Davis,,,,,
4433184,Deivon Smith,,,,,
4433183,Lamont Butler,,,,,
4703530,Mark Sears,,,0.01,PG,
4433188,Devin Carter,,,0.1,PG,
4433192,Tari Eason,203.0,203.0,12.99,"SF,PF",espn
4433218,Jaden Ivey,364.0,364.0,0.5,"PG,SG",espn
3065184,Rashawn Thomas,,,,PF,
4433225,Tyler Kolek,,,0.27,PG,
2991454,Robert Upshaw,,,,C,
4433378,Colby Jones,,,0.01,SG,
3065284,Eric Mika,,,0.02,C,
3917314,Moritz Wagner,,,,PF,
4064730,Tim Quarterman,,,0.02,SG,
4064727,Josh Magette,,,0.01,PG,
4597184,Admiral Schofield,,,,,
4597189,Admiral Schofield,,,,,
3073500,Reginald Becton-Buckner,,,,PF,
4277835,Aamir Simms,,,,PF,
4277842,Trevon Duval,,,0.01,PG,
4277844,Jordan Tucker,,,,,
4277843,Gary Trent Jr.,292.0,292.0,0.42,"SG,SF",espn
4277846,Alex O'Connell,,,,,
3155526,Dillon Brooks,139.0,139.0,26.55,"SG,SF",espn
3917378,Ivan Rabb,,,,PF,
4277848,Marvin Bagley III,238.0,238.0,0.72,"PF,C",espn
3057198,Brandon Goodwin,,,0.02,PG,
4277847,Wendell Carter Jr.,174.0,174.0,3.89,C,espn
3917376,Jaylen Brown,41.0,41.0,99.63,"SG,SF",espn
4277850,RaiQuan Gray,,,,PF,
4277854,MJ Walker,,,0.01,SG,
3900984,Shawn Dawson,,,,SG,
4277869,Jose Alvarado,245.0,245.0,2.03,PG,espn
4277871,Moses Wright,,,0.07,PF,
3065359,Mike Scott,,,,,
3065357,Perrion Callandret,,,,,
4277880,Malik Williams,,,0.03,C,
4277882,Brian Bowen II,,,0.02,SG,
4277883,Jordan Nwora,,,,SF,
4277886,Freddie Gillespie,,,0.01,PF,
3057189,Ben Moore,,,0.01,PF,
3057190,Yanick Moreira,,,,C,
4277887,Lindell Wigginton,,,,,
3057187,Sterling Brown,,,,SG,
4277890,Lonnie Walker IV,,,0.03,SG,
4277892,Marcus Garrett,,,0.01,SG,
4277894,Billy Preston,,,,,
3057182,Nick King,,,,,
3057180,Markel Crawford,,,,,
4597259,Javonte Cooke,,,0.0,SG,
2983551,Joel Bolomboy,,,0.02,PF,
2983512,Xavier Munford,,,0.01,SG,
3057242,Jonathan Stark,,,,,
3057240,Cameron Reynolds,,,0.01,SG,
3147362,Jaylen Johnson,,,,PF,
4277812,Alex Reese,,,,,
4277811,Collin Sexton,122.0,122.0,24.76,"PG,SG",espn
4277814,John Petty Jr.,,,,,
3147366,Chinanu Onuaku,,,0.01,PF,
4277813,Herbert Jones,223.0,223.0,2.29,"SF,PF",espn
3155533,Jonah Bolden,,,,PF,
3155535,Kevon Looney,287.0,287.0,0.37,C,espn
3155536,Thomas Welsh,,,,C,
2983526,Semaj Christon,,,0.02,PG,
2451037,Daniel Theis,,,0.01,C,
2983522,Isaiah Miles,,,,,
3147351,Daniel Hamilton,,,,SG,
3892818,Emmanuel Mudiay,,,,PG,
2614962,Jarnell Stokes,,,0.01,PF,
4277964,Xavier Tillman,365.0,365.0,0.06,PF,espn
4433618,Harrison Ingram,,,0.02,SF,
4433622,Chris Livingston,,,0.01,SF,
4433621,Jalen Duren,26.0,26.0,92.77,C,espn
4433620,Emoni Bates,,,0.01,SF,
4433626,Jalen Hood-Schifino,,,,,
4277975,Kaleb Wesson,,,,C,
4433623,Caleb Houstan,366.0,366.0,0.05,SF,espn
4433629,Ryan Nembhard,,,0.13,"PG,SG",
4433627,Keyonte George,63.0,63.0,78.87,"PG,SG",espn
3081925,Dewayne Dedmon,,,,SG,
5203685,Khaman Maluach,216.0,216.0,4.3,C,espn
1703,Carlos Boozer,,,,PF,
1705,Caron Butler,,,,SF,
1706,Dan Dickau,,,,PG,
1707,Juan Dixon,,,,SG,
1708,Mike Dunleavy,,,,SG,
1709,Melvin Ely,,,,C,
1710,Dan Gadzuric,,,,C,
3057304,Vince Shamar Hunter,,,0.02,PF,
1711,Drew Gooden,,,,PF,
1712,Marcus Haislip,,,,PF,
1713,Nene ,,,,C,
1715,Casey Jacobsen,,,,SF,
3892894,Zhou Qi,,,0.06,C,
3892893,Nikola Milutinov,,,0.02,C,
1717,Jared Jeffries,,,,PF,
1718,Fred Jones,,,,SG,
1719,Nenad Krstic,,,,C,
1721,Roger Mason Jr.,,,,SG,
1722,Yao Ming,,,,C,
1723,Bostjan Nachbar,,,,SF,
1724,Tayshaun Prince,,,,SF,
1725,Kareem Rush,,,,SG,
1726,John Salmons,,,,SF,
1727,Amar'e Stoudemire,,,,PF,
5170949,Alex Toohey,,,0.01,PF,
1728,Nikoloz Tskitishvili,,,,SF,
5170947,AJ Johnson,,,0.07,SG,
1731,Chris Wilcox,,,,PF,
4703889,Jayson Kent,,,,,
4277905,Trae Young,14.0,14.0,97.54,PG,espn
4277908,Garrison Brooks,,,,C,
4277916,RJ Nembhard Jr.,,,,SG,
3147500,Justin Bibbs,,,,,
3147501,Ahmed Hill,,,,,
4277918,Matt Coleman III,,,,PG,
4433563,Matt Cross,,,,,
4277919,Mo Bamba,,,0.16,C,
4433569,Johni Broome,346.0,346.0,0.13,PF,espn
4277922,Jericho Sims,300.0,300.0,0.15,C,espn
4277923,Zhaire Smith,,,,SG,
1765,Matt Barnes,,,,SF,
1767,Rasual Butler,,,,SG,
4277928,Jarrett Culver,,,,SG,
5146295,Vincent Valerio-Bodon,,,,SF,
5105337,Maliq Brown,,,0.07,"SF,PF",
1777,Ronald Murray,,,,SG,
1778,Juan Carlos Navarro,,,,SG,
1780,Jamal Sampson,,,,PF,
1781,Luis Scola,,,,PF,
1784,Darius Songaila,,,,PF,
4277952,Bruno Fernando,,,0.01,C,
4277951,Luka Garza,,,0.16,C,
4433599,Arthur Kaluma,,,,,
4277956,Jordan Poole,214.0,214.0,37.13,"PG,SG",espn
4277957,Isaiah Livers,,,0.01,PF,
5105340,Bobi Klintman,,,,PF,
4277961,Jaren Jackson Jr.,82.0,82.0,82.26,"PF,C",espn
4433607,DaRon Holmes II,,,0.07,PF,
3893060,Rade Zagorac,,,0.09,SG,
3893059,Anzejs Pasecniks,,,,C,
2983727,RJ Hunter,,,,SG,
3163972,Jacob Wiley,,,,SF,
5211984,Ulrich Chomche,,,0.01,C,
5211983,Pacome Dadiet,343.0,343.0,0.19,SF,espn
4278104,Michael Porter Jr.,47.0,47.0,91.98,"SF,PF",espn
5211982,Nikola Djurisic,,,,,
4278103,Jontay Porter,,,,PF,
5211981,Melvin Ajinca,,,0.0,SG,
4278105,Jeremiah Tilmon,,,,C,
1821,Jannero Pargo,,,,PG,
1823,Smush Parker,,,,PG,
4278111,Justin Minaya,,,0.01,SF,
4278116,Yves Pons,,,0.01,SG,
1828,Reggie Evans,,,,PF,
4687718,Josh Minott,,,0.08,SF,
4278124,Saben Lee,,,,PG,
4351851,Anfernee Simons,202.0,202.0,38.62,"PG,SG",espn
4351852,Mitchell Robinson,141.0,141.0,13.51,C,espn
4278127,Brandon Randolph,,,,,
4278129,Deandre Ayton,182.0,182.0,34.74,C,espn
3893020,Alpha Kaba,,,0.01,PF,
3893019,Timothe Luwawu-Cabarrot,,,,SF,
3893023,Paul Zipser,,,0.15,SF,
3893014,Sasha Vezenkov,,,,PF,
3893017,George de Paula,,,,PG,
3893016,Cedi Osman,,,,SF,
1858,Devin Brown,,,,SG,
3893015,Arturas Gudaitis,,,0.01,C,
4409222,Trevelin Queen,,,0.01,SG,
4278031,Oshae Brissett,,,0.01,PF,
1875,Richie Frahm,,,,SG,
3090289,Malcolm  Thomas,,,,PF,
3147656,Phil Booth,,,,,
4278039,Nickeil Alexander-Walker,46.0,46.0,80.6,"PG,SG",espn
3147657,Mikal Bridges,44.0,44.0,90.83,"SG,SF",espn
4278046,Olivier Sarr,,,0.02,C,
4278045,Chaundee Brown Jr.,,,0.01,SG,
4278049,Daniel Gafford,125.0,125.0,30.11,C,espn
4278052,Chuma Okeke,,,0.01,PF,
4278053,Davion Mitchell,150.0,150.0,8.52,PG,espn
5105462,Richie Saunders,,,0.12,SG,
4278065,Rayshaun Hammonds,,,,,
4704043,Steve Settle III,,,,,
4278067,Nic Claxton,109.0,109.0,60.18,C,espn
1913,Mike Wilks,,,,PG,
4278073,Shai Gilgeous-Alexander,2.0,2.0,99.91,PG,espn
4278076,Nick Richards,367.0,367.0,0.24,C,espn
4278075,Kevin Knox II,,,0.01,SF,
4278078,P.J. Washington,159.0,159.0,9.06,"SF,PF",espn
4278077,Jarred Vanderbilt,297.0,297.0,0.25,"SF,PF",espn
2328418,Scotty Hopson,,,0.03,SG,
4278080,Tremont Waters,,,,PG,
4278079,Brandon Rachal,,,,SG,
4310856,Walter Lemon Jr.,,,,SF,
4900671,Ajay Mitchell,227.0,227.0,4.82,"PG,SG",espn
5105623,Kel'el Ware,95.0,95.0,58.97,C,espn
5105626,Tyler Bilodeau,,,0.02,PF,
1938,Gabe Muoneke,,,,PF,
4712409,Jarrett Allen,,,,,
4712408,Caris Levert,,,,,
4712407,Taurean Prince,,,,,
4712406,Rodions Kurucs,,,,,
4278231,Isaiah Whaley,,,,,
5023693,Tyrese Proctor,,,0.1,SG,
4712403,Taurean Prince,,,,,
3033031,Edy Tavares,,,0.02,C,
5105638,Amari Bailey,,,0.01,SG,
3033028,Livio Jean-Charles,,,,SF,
5105637,Adem Bona,275.0,275.0,0.57,C,espn
3032985,Bojan Dubljevic,,,,PF,
1966,LeBron James,42.0,42.0,99.43,"SF,PF",espn
3032979,Dennis Schroder,175.0,175.0,4.08,PG,espn
3032980,Lucas Nogueira,,,0.02,C,
3032977,Giannis Antetokounmpo,5.0,5.0,99.86,"PF,C",espn
3032978,Dario Saric,368.0,368.0,0.07,PF,espn
3032976,Rudy Gobert,70.0,70.0,82.59,C,espn
1975,Carmelo Anthony,,,,PF,
3147687,Javon Bess,,,,,
4122525,Isaiah Taylor,,,,SF,
1977,Chris Bosh,,,,PF,
1978,Nick Collison,,,,PF,
1979,T.J. Ford,,,,PG,
1980,Jarvis Hayes,,,,SF,
1981,Kirk Hinrich,,,,SG,
1982,Chris Kaman,,,,C,
1985,Luke Ridnour,,,,PG,
1987,Dwyane Wade,,,,SG,
1989,Malick Badiane,,,,PF,
3147669,James Blackmon Jr.,,,,SG,
1994,Steve Blake,,,,PG,
1995,Keith Bogans,,,,SG,
1996,Matt Bonner,,,,PF,
1998,Brian Cook,,,,PF,
1999,Carlos Delfino,,,,SF,
5105555,Tobe Awaka,,,,,
2004,Willie Green,,,,SG,
4417428,Henry Ellenson,,,,,
2006,Josh Howard,,,,SG,
5105553,Julian Phillips,342.0,342.0,0.1,SF,espn
2008,Dahntay Jones,,,,SG,
2009,James Jones,,,,SF,
5105550,GG Jackson,185.0,185.0,1.61,PF,espn
2010,Jason Kapono,,,,SF,
2011,Kyle Korver,,,,SF,
2015,Travis Outlaw,,,,SF,
4237215,Vincent Poirier,,,0.02,C,
2016,Zaza Pachulia,,,,C,
5105571,Henri Veesaar,,,0.12,C,
2018,Kendrick Perkins,,,,C,
4917149,Alex Karaban,,,0.15,"SF,PF",
2023,Tommy Smith,,,,PF,
5105565,Donovan Clingan,68.0,68.0,77.03,C,espn
2027,Luke Walton,,,,SF,
5105592,Cam Whitmore,369.0,369.0,2.56,"SF,PF",espn
3155937,Jon Elmore,,,,,
5105589,Brendan Hausen,,,,,
3033042,Daniel Diez,,,0.01,SG,
3155941,Josh Perkins,,,,,
3155942,Domantas Sabonis,11.0,11.0,97.87,"PF,C",espn
4237239,William Howard,,,,,
5105598,Chase Ross,,,,,
4278349,Kellan Grady,,,,,
4278352,Jalen Crutcher,,,,,
4278355,Obi Toppin,231.0,231.0,4.1,PF,espn
4597865,Tosan Evbuomwan,,,0.01,SF,
4278373,Caleb Daniels,,,,,
4278378,Jacob Gilyard,,,0.01,PG,
5113969,Cameron Carr,,,1.75,"SG,SF",
4311160,Xavier Rathan-Mayes,,,,SF,
5105800,Josh Dix,,,,,
4278395,Taylor Funk,,,,,
4278402,Jordan Goodwin,,,0.16,"PG,SG",
5105797,Jalen Hood-Schifino,,,0.01,SG,
3155987,Tre'Shawn Thurman,,,,,
2328615,Mitchell Watt,,,0.02,PF,
2992257,Tahjere McCall,,,0.01,SG,
4802613,Derrick Rose,,,,,
4802616,Delon Wright,,,,,
2165,Marcus Banks,,,,PG,
2166,Leandro Barbosa,,,,SG,
4802605,R.J. Hampton,,,,,
2167,Boris Diaw,,,,PF,
4802610,Blake Griffin,,,,,
4802609,Svi Mykhailiuk,,,,,
2171,Darko Milicic,,,,C,
2172,Sasha Pavlovic,,,,SG,
2173,Mickael Pietrus,,,,SG,
4278333,Nate Pierre-Louis,,,,,
2175,Michael Sweetney,,,,PF,
2177,David West,,,,PF,
2178,Mo Williams,,,,PG,
2184,Udonis Haslem,,,0.06,PF,
2188,Quinton Ross,,,,SG,
2189,Kirk Penney,,,,SG,
4565201,Malaki Branham,370.0,370.0,0.05,SG,espn
2197,Josh Powell,,,,PF,
2200,Marquis Daniels,,,,SF,
4565203,Charles Bediako,,,,C,
2211,Matt Carroll,,,,SG,
2212,Josh Davis,,,,PF,
4278502,Tyler Bey,,,,PF,
2214,Ronald Dupree,,,,SF,
4278508,Troy Brown Jr.,,,,SF,
3950760,Kylor Kelley,,,0.01,C,
4278507,McKinley Wright IV,,,0.05,PG,
2221,Linton Johnson,,,,SF,
4278509,Kenny Wooten,,,,,
4278516,Ethan Thompson,,,0.01,SG,
4278521,KZ Okpala,,,,SF,
4278526,Jaylen Hands,,,,PG,
3074213,Omer Yurtseven,,,0.11,C,
4278527,Chris Smith,,,,SF,
4696317,Miles Kelly,,,0.0,PG,
4278529,LiAngelo Ball,,,,,
4401416,Juan Toscano-Anderson,,,0.02,SF,
4401415,Alen Smailagic,,,,PF,
4278412,Izaiah Brockington,,,,,
5105817,Carson Cooper,,,,C,
3934468,Guillermo Hernangomez,,,,C,
3131632,Melo Trimble,,,,PG,
5105809,Tarris Reed Jr.,,,0.43,C,
5105806,Jett Howard,328.0,328.0,0.09,SF,espn
5105832,Nick Martinelli,,,0.02,SF,
4679854,Mychal Mulder,,,,,
5105839,Brice Sensabaugh,212.0,212.0,3.39,"SG,SF",espn
5105841,Felix Okpara,,,0.03,PF,
5105837,Bruce Thornton,,,0.17,PG,
5105854,Braden Smith,,,0.13,PG,
5105853,Fletcher Loyer,,,,,
4278623,Joirdon Nicholas,,,,,
5106040,Tobi Lawal,,,0.01,SF,
5106035,RJ Luis Jr.,,,,,
5106058,Emanuel Sharp,,,0.04,SG,
2367,Tony Allen,,,,SF,
2368,Rafael Araujo,,,,C,
2373,Josh Childress,,,,SF,
2377,Chris Duhon,,,,PG,
2959736,Nemanja Nedovic,,,,SG,
4065673,Tony Bradley,,,0.01,C,
2380,Matt Freije,,,,PF,
2381,Ben Gordon,,,,SG,
2382,Devin Harris,,,,SG,
4065672,Dewan Hernandez,,,,C,
4278541,Jaylen Nowell,371.0,371.0,0.1,SG,espn
2383,David Harrison,,,,C,
2384,Dwight Howard,,,,C,
4065670,Bruce Brown,372.0,372.0,0.26,"SG,SF",espn
2492779,Marshall Henderson,,,,SG,
2386,Andre Iguodala,,,,SF,
2387,Royal  Ivey,,,,PG,
2388,Luke Jackson,,,,SF,
4065666,V.J. King,,,,,
2389,Al Jefferson,,,,C,
4065663,Josh Okogie,,,0.05,SF,
3058030,Paul Watson,,,0.03,SG,
2393,Shaun Livingston,,,,PG,
2394,Kevin Martin,,,,SG,
4065660,Mfiondu Kabengele,,,,PF,
4278556,Mitch Ballock,,,,SG,
4065658,Braian Angola-Rodas,,,,,
4278555,Ty-Shon Alexander,,,0.01,SG,
2959753,Joffrey Lauvergne,,,0.01,C,
4065656,Trent Forrest,,,0.01,SG,
2399,Emeka Okafor,,,,C,
4065653,Jack White,,,0.03,SF,
4065654,Jonathan Isaac,330.0,330.0,0.15,PF,espn
4065651,Frank Jackson,,,,PG,
4278562,Paul Reed,244.0,244.0,0.99,"PF,C",espn
4065652,Marques Bolden,,,0.01,C,
4065649,Harry Giles III,,,,PF,
2404,Justin Reed,,,,SF,
4065650,Javin DeLaurier,,,0.01,C,
4278566,Jamorko Pickett,,,0.01,PF,
2959745,Sergey Karasev,,,0.01,SG,
4065648,Jayson Tatum,9.0,9.0,99.8,"SF,PF",espn
2411,Josh Smith,,,,SF,
4278572,Jamal Cain,271.0,271.0,0.11,SF,espn
5105977,Rasheer Fleming,,,0.11,PF,
2416,Robert Swift,,,,C,
2417,Sebastian Telfair,,,,PG,
4065635,Ky Bowman,,,0.01,PG,
2419,Anderson Varejao,,,,C,
4278580,Sandro Mamukelashvili,,,1.55,"PF,C",
2421,Sasha Vujacic,,,,SG,
2422,Delonte West,,,,SG,
2423,Dorell Wright,,,,SF,
2426,Trevor Ariza,,,,SF,
4278585,Collin Gillespie,112.0,112.0,27.97,PG,espn
2427,Andris Biedrins,,,,C,
4278588,Jermaine Samuels Jr.,,,,,
2429,Luol Deng,,,,SF,
2431,Andre Emmett,,,,SG,
2433,Kris Humphries,,,,PF,
4278594,Naji Marshall,196.0,196.0,2.78,"SF,PF",espn
4868423,Jaden Hardy,316.0,316.0,0.14,SG,espn
2435,Viktor Khryapa,,,,PF,
2439,Jameer Nelson,,,,PG,
3934663,Malachi Richardson,,,,SG,
2444,JR Smith,,,,SG,
2445,Kirk Snyder,,,,SG,
2992564,Milton Doyle,,,0.01,SG,
4065733,Ty Jerome,72.0,72.0,59.98,"PG,SG",espn
2448,Beno Udrih,,,,PG,
4065731,Jay Huff,,,0.62,C,
4278738,Lamine Diane,,,,,
2450,Didier Ilunga-Mbenga,,,,C,
3934662,Tyler Lydon,,,,PF,
4065732,De'Andre Hunter,200.0,200.0,2.85,"SF,PF",espn
3074481,Gary  Forbes,,,,PF,
3074482,Jorge Gutierrez,,,,PG,
4065730,Kyle Guy,,,,SG,
2456,Andres Nocioni,,,,SF,
2459,Desmon Farmer,,,,SG,
4065722,Tyus Battle,,,,,
2466,Jared Reiner,,,,C,
2477,Earl Barron,,,,C,
4196846,Jarell Eddie,,,,SG,
2959765,Nicolo Melli,,,,,
4065700,Omer Yurtseven,,,,C,
4065697,Dennis Smith Jr.,,,,PG,
3934620,Trevon Scott,,,,,
5114350,AK Okereke,,,,,
3934621,Jacob Evans,,,,SG,
3934622,Jalen Adams,,,,,
2494,Billy Thomas,,,,SG,
4278783,Will Magnay,,,0.01,PF,
3074463,Brandon  Heath,,,,PF,
2506,Damien Wilkins,,,,SF,
3074460,Richard  McConnell,,,,PF,
2507,Nate Williams,,,,,
4712849,Anthony Black,132.0,132.0,19.51,"PG,SG",espn
2509,Andre Barrett,,,,PG,
2510,Andre Brown,,,,PF,
3934723,Thomas Bryant,296.0,296.0,0.2,C,espn
2512,Awvee Storey,,,,SF,
2514,Kasib Powell,,,,SF,
3934719,OG Anunoby,92.0,92.0,86.15,"SF,PF",espn
3934721,Juwan Morgan,,,0.01,SF,
5106060,Jarace Walker,279.0,279.0,0.66,"SF,PF",espn
2522,Keith McLeod,,,,PG,
4712863,Mouhamed Gueye,289.0,289.0,0.16,PF,espn
4712862,Malik Dia,,,,,
4065778,Max Strus,209.0,209.0,1.1,SF,espn
4426154,Paul Eboua,,,,,
3934695,Tyler Hall,,,,,
4065766,Davion Mintz,,,,,
3967461,Alex Stepheson,,,,SF,
4278707,Jordan Schakel,,,,,
3926491,Isaac Humphries,,,0.01,C,
4712896,Noah Clowney,272.0,272.0,0.46,PF,espn
4278720,Justin Bean,,,,,
3934672,Jalen Brunson,13.0,13.0,99.8,PG,espn
3934673,Donte DiVincenzo,347.0,347.0,6.28,"PG,SG",espn
4712902,Cameron Corhen,,,,,
3934670,Marcus Derrickson,,,0.01,SF,
4278729,Jarkel Joiner,,,,,
5106262,Zuby Ejiofor,,,0.26,PF,
3959366,Chris Babcock,,,,PF,
5106261,Ernest Udeh Jr.,,,,C,
5106258,Gradey Dick,221.0,221.0,1.82,"SG,SF",espn
3058247,Jalen Moore,,,,PF,
4803173,R.J. Hampton,,,,,
4803175,Isaiah Hartenstein,,,,,
4803178,Svi Mykhailiuk,,,,,
5106272,Milos Uzan,,,,,
5106268,Nae'Qwan Tomlin,,,0.06,PF,
5106270,Otega Oweh,,,0.12,SG,
4065836,Omari Spellman,,,,PF,
4065834,Shamorie Ponds,,,,,
4803180,Blake Griffin,,,,,
5106283,Dillon Mitchell,,,0.06,SF,
4065816,Myles Powell,,,,,
4065813,Alpha Diallo,,,,,
4196994,Quinn Cook,,,,SF,
5081727,Sidy Cissoko,325.0,325.0,0.12,SG,espn
4065805,Markus Howard,,,0.02,PG,
4065804,Sam Hauser,201.0,201.0,1.91,"SF,PF",espn
2566770,Darion Atkins,,,,SF,
4295180,Joey Hauser,,,,,
2566769,Malcolm Brogdon,373.0,373.0,0.23,PG,espn
3132042,Gary Clark,,,0.01,PF,
4909603,Wesley Matthews,,,,,
3902067,Satnam Singh Bhamara,,,0.03,C,
3902065,Nikola Radicevic,,,0.02,PG,
4401705,Henry Ellenson,,,,,
4598307,Dmytro Skapintsev,,,,C,
4713010,David Jones Garcia,,,0.01,SF,
2566745,Quinn Cook,,,0.02,PG,
2566741,KJ McDaniels,,,0.01,SF,
3058254,Christian Wood,,,0.08,PF,
4311612,Ramon Sessions,,,,SF,
2566748,Marshall Plumlee,,,0.01,C,
3918424,Kyle Alexander,,,,,
2566747,Michael Gbinije,,,0.01,SG,
3918423,Admiral Schofield,,,,SF,
4311617,Ramon Sessions,,,,SF,
3058269,Joe Chealey,,,0.02,PG,
3074743,Troy Caupain,,,0.01,SG,
4393681,Ismaila Kane,,,,,
4279008,Anthony Duruji,,,,,
3074752,Terry Rozier,409.0,409.0,0.16,PG,espn
3074748,Amida Brimah,,,0.02,C,
3132054,Jaleel Cousins,,,,C,
4590328,David Krämer,,,,,
2745,Brandon Bass,,,,PF,
3132044,Torian Graham,,,,SG,
2746,Andray Blatche,,,,PF,
2747,Andrew Bogut,,,,C,
2748,Andrew Bynum,,,,C,
2749,Travis Diener,,,,PG,
2750,Ike Diogu,,,,PF,
2751,Monta Ellis,,,0.05,SG,
2753,Raymond Felton,,,,PG,
4565758,Yudai Baba,,,,,
2754,Channing Frye,,,,C,
3074724,Jordan  Henriquez,,,,PF,
2755,Francisco Garcia,,,,SF,
2756,Mickael Gelabale,,,,SG,
2757,Ryan  Gomes,,,,SF,
2758,Marcin Gortat,,,,C,
2759,Joey Graham,,,,SF,
3132062,B.J. Taylor,,,,,
2760,Danny Granger,,,,SG,
2761,Gerald Green,,,,SG,
2762,Orien Greene,,,,PG,
2763,Luther Head,,,,SG,
2765,Julius Hodge,,,,SG,
2767,Ersan Ilyasova,,,,PF,
2768,Jarrett Jack,,,,PG,
2769,Amir Johnson,,,,C,
2770,Linas  Kleiza,,,,PF,
2772,David Lee,,,,PF,
4909710,Phillip Wheeler,,,,,
2774,Ian Mahinmi,,,,C,
2775,Jason Maxiell,,,,PF,
3074797,Wes Iwundu,,,,SF,
2776,Sean May,,,,PF,
2777,Rashad McCants,,,,SG,
2778,C.J. Miles,,,,SF,
2779,Chris Paul,374.0,374.0,6.22,PG,espn
2780,Johan Petro,,,,C,
2781,Lawrence Roberts,,,,PF,
2782,Nate Robinson,,,,PG,
2786,Salim Stoudamire,,,,SG,
2789,Ronny Turiaf,,,,C,
2790,Roko-Leni Ukic,,,,PG,
2792,Charlie Villanueva,,,,PF,
2793,Von Wafer,,,,SG,
2794,Hakim Warrick,,,,PF,
2795,Martell Webster,,,,SF,
4278955,Brandon McCoy,,,,C,
2797,Marvin Williams,,,,PF,
2798,Deron Williams,,,,PG,
2799,Lou Williams,,,,SG,
2801,Antoine Wright,,,,SG,
2802,Alex Acker,,,,SG,
2803,Cenk Akyol,,,,SG,
2805,Fabricio Oberto,,,,C,
2806,Jose Calderon,,,,PG,
2807,Ronnie Price,,,,PG,
3074765,Isaiah Hicks,,,0.01,PF,
2810,Shavlik Randolph,,,,PF,
3074764,Kennedy Meeks,,,,C,
2811,Eddie Basden,,,,SG,
4565698,Bryce Hopkins,,,0.03,SF,
2814,Matt Walsh,,,,SF,
2815,Donell Taylor,,,,SG,
2816,Will Bynum,,,,PG,
2817,Anthony Roberson,,,,PG,
3074787,Jairus Lyles,,,,,
3074788,JeQuan Lewis,,,,SG,
2819,Dwayne Jones II,,,,PF,
2198243,Aaron Jackson,,,,SF,
2821,Kelenna Azubuike,,,,SF,
2827,Will Conroy,,,,PG,
4279118,Keaton Wallace,,,0.01,PG,
2832,Stephen Graham,,,,SF,
2834,Chuck Hayes,,,,PF,
2837,Keith Langford,,,,SG,
2839,Aaron Miles,,,,PG,
2968363,Marcelo Huertas,,,0.01,PG,
2850,Jawad Williams,,,,SF,
2856,Marcus Campbell,,,,C,
4279143,Tyreke Key,,,,,
2858,D'or Fischer,,,,C,
4279147,Lucas Williamson,,,,,
2862,Spencer Nelson,,,,PF,
4565873,David Kramer,,,,,
2863,Andre Owens,,,,PG,
2866,John Lucas III,,,,PG,
2968338,Nicolas Laprovittola,,,0.01,SG,
4606840,Jamir Watkins,,,0.04,SG,
2871,Noel Felix,,,,PF,
2873,James Singleton,,,,PF,
2968334,Facundo Campazzo,,,0.02,PG,
2968361,Raul Neto,,,,PG,
2886,Devin Green,,,,SG,
2887,Roger Powell,,,,SF,
4295559,Josh Gray,,,,SF,
2968439,Aron Baynes,,,0.02,C,
2968436,Joe Ingles,375.0,375.0,0.08,SF,espn
4590360,Chucky Hepburn,,,0.02,PG,
2567030,Youssou Ndoye,,,,C,
2960236,Maxi Kleber,376.0,376.0,0.06,PF,espn
2968458,Salah Mejri,,,0.01,C,
3165048,Lou Amundson,,,,SF,
3165049,Lance Thomas,,,,SF,
4066248,Jared Harper,,,0.01,PG,
4066243,Daryl Macon,,,0.01,SG,
4066241,Jaylen Barford,,,,,
4598743,Cj Miles,,,,,
4066240,Braxton Key,,,,,
52131,Brandon Williams,,,,,
2981,Hassan Adams,,,,SF,
2982,Maurice Ager,,,,SG,
2983,LaMarcus Aldridge,,,,PF,
4066221,Hassani Gravett,,,0.01,PG,
2984,Hilton Armstrong,,,,C,
2985,James Augustine,,,,PF,
2986,Renaldo Balkman,,,,SF,
2987,Andrea Bargnani,,,,PF,
4066218,Grant Williams,285.0,285.0,0.27,PF,espn
2989,Will Blalock,,,,PG,
2990,Josh Boone,,,,C,
2991,Ronnie Brewer,,,,SG,
4066213,Jordan Bowden,,,,,
2992,Shannon Brown,,,,SG,
4066211,Robert Williams III,188.0,188.0,1.48,C,espn
2994,Dee Brown,,,,PG,
4066212,Jordan Bone,,,,PG,
2995,Rodney Carney,,,,SF,
2996,Cheikh Samb,,,,C,
2997,Mardy Collins,,,,SG,
5106674,Peter Suder,,,,,
2998,Paul Davis,,,,C,
2999,Guillermo Diaz,,,,SG,
3000,Quincy Douby,,,,PG,
3002,Jordan Farmar,,,,PG,
3003,Randy Foye,,,,SG,
3004,Joel Freeland,,,,PF,
3005,Rudy Gay,,,,PF,
3006,Daniel Gibson,,,,PG,
3008,Ryan Hollins,,,,C,
3009,Alexander Johnson,,,,PF,
3010,Solomon Jones,,,,C,
3011,Bobby Jones,,,,SG,
3012,Kyle Lowry,377.0,377.0,0.23,PG,espn
3015,Paul Millsap,,,,PF,
3016,Adam Morrison,,,,SF,
3017,David Noel,,,,SF,
3018,Steve Novak,,,,PF,
3019,Patrick O'Bryant,,,,C,
3020,Oleksiy Pecherov,,,,PF,
3021,Kosta Perovic,,,,C,
3023,Leon Powe,,,,PF,
3024,JJ Redick,,,,SG,
3025,Sergio Rodriguez,,,,PG,
3026,Rajon Rondo,,,,PG,
3027,Brandon Roy,,,,SG,
3028,Thabo Sefolosha,,,,SF,
3029,Mouhamed Sene,,,,C,
4066303,Xavier Sneed,,,0.02,SF,
3030,Cedric Simmons,,,,PF,
3031,Craig Smith,,,,PF,
3032,Tyrus Thomas,,,,PF,
3033,P.J. Tucker,,,0.07,PF,
4066299,Udoka Azubuike,,,,C,
2141179,Andre Ingram,,,,SG,
4066297,Josh Jackson,,,,SF,
3036,Marquinhos Vieira,,,,SF,
3037,James White,,,,SG,
3038,Shawne Williams,,,,SF,
3039,Marcus Williams,,,,PG,
3040,Shelden Williams,,,,PF,
3041,Lou Amundson,,,,PF,
3043,Vincent Grier,,,,SF,
3045,Tarence Kinsey,,,,SG,
3046,Chris Quinn,,,,PG,
4279208,Matt Lewis,,,,SG,
3048,Yakhouba Diawara,,,,SG,
3049,Jorge Garbajosa,,,,PF,
4066281,Lamar Peters,,,,,
3052,Justin Williams,,,,C,
3053,Pops Mensah-Bonsu,,,,PF,
3054,Robert Hite,,,,SG,
3055,J.J. Barea,,,0.05,PG,
3057,Darius Washington,,,,PG,
3058,Walter Herrmann,,,,SF,
4066276,Breein Tyree,,,,,
4066269,Skylar Mays,,,,SG,
4066268,Duop Reath,,,0.03,C,
4590530,R.J. Hampton,,,,PG,
4066264,Wenyen Gabriel,,,0.01,SF,
3071,Brandon Bowman,,,,PF,
4066261,Bam Adebayo,31.0,31.0,99.06,"PF,C",espn
3072,Elton Brown,,,,PF,
4066262,Malik Monk,136.0,136.0,32.21,"PG,SG",espn
4066259,De'Aaron Fox,43.0,43.0,95.39,"PG,SG",espn
3074,Antoine Hood,,,,SG,
4066260,Sacha Killeya-Jones,,,,,
3001308,Josh Gray,,,0.02,PG,
3081,Mike  Harris,,,,PF,
3001309,Dusty Hannahs,,,0.01,SG,
4066377,Zavier Simpson,,,0.01,PG,
4066378,Jon Teske,,,0.01,C,
4066373,Justin Jackson,,,0.01,SF,
4066372,Kevin Huerter,194.0,194.0,1.36,"SG,SF",espn
4066367,Tyler Cook,,,0.02,PF,
3105,Eugene Jeter,,,,PG,
4066354,Payton Pritchard,90.0,90.0,76.45,"PG,SG",espn
5082206,Brayden Burries,192.0,192.0,3.06,SG,espn
3118,Jamar Smith,,,,PF,
3075091,Troy  Daniels,,,,PF,
3075090,Abdul  Gaddy,,,,PF,
4066335,Kobi Simmons,,,0.01,PG,
4066336,Lauri Markkanen,50.0,50.0,86.87,"SF,PF",espn
4066333,Sagaba Konate,,,,C,
4066334,Rawle Alkins,,,0.01,SG,
4066327,James Banks III,,,,C,
4066328,Jarrett Allen,53.0,53.0,87.99,C,espn
4066320,Desmond Bane,40.0,40.0,94.31,"SG,SF",espn
4066317,Lindy Waters III,,,0.02,SG,
4066315,Cam McGriff,,,0.01,SF,
2583664,Tony Mitchell,,,,PF,
3153,Renaldo Major,,,,SF,
4066436,De'Anthony Melton,198.0,198.0,1.48,"PG,SG",espn
4279318,Daeqwon Plowden,,,0.04,SG,
3160,Jeremy Richardson,,,,PF,
4066425,T.J. Leaf,,,,PF,
4066424,Ike Anigbogu,,,,C,
4066421,Lonzo Ball,378.0,378.0,0.94,"PG,SG",espn
5254165,Keaton Wagler,163.0,163.0,8.1,"PG,SG",espn
4066414,Aleem Ford,,,,,
3179,Randolph Morris,,,,C,
4066410,Eugene Omoruyi,,,0.01,SF,
2583632,Royce O'Neale,183.0,183.0,1.75,"SF,PF",espn
4066407,Carsen Edwards,,,,PG,
4066405,Lamar Stevens,,,0.02,SF,
3001429,Terry Henderson,,,,SG,
4066404,Tony Carr,,,,PG,
3187,Arron Afflalo,,,,SG,
3188,Morris Almond,,,,SG,
4066399,Micah Potter,,,0.06,C,
3190,Marco Belinelli,,,,SG,
2583639,Elfrid Payton,,,0.01,PG,
3191,Corey Brewer,,,,SF,
3192,Aaron Brooks,,,,PG,
3193,Derrick Byars,,,,SF,
3194,Wilson Chandler,,,,SF,
3195,Mike Conley,309.0,309.0,0.55,PG,espn
3196,Daequan Cook,,,,SG,
3197,Javaris Crittenton,,,,PG,
3198,JamesOn Curry,,,,PG,
4066392,Isaiah Roby,,,,PF,
3199,Jermareo Davidson,,,,PF,
3200,Glen Davis,,,,PF,
4066390,Jeriah Horne,,,,,
3201,Jared Dudley,,,,PF,
4066387,Amir Coffey,,,0.01,SG,
3202,Kevin Durant,21.0,21.0,99.8,"SF,PF",espn
3203,Nick Fazekas,,,,PF,
3204,Rudy Fernandez,,,,SG,
3205,Kyrylo Fesenko,,,,C,
4066383,Miles Bridges,77.0,77.0,81.88,"SF,PF",espn
3206,Marc Gasol,,,,C,
3207,Aaron Gray,,,,C,
3208,Taurean Green,,,,PG,
4066382,Cassius Winston,,,,PG,
3209,Jeff Green,379.0,379.0,0.05,PF,espn
4066379,Ibi Watson,,,,,
3210,Adam Haluska,,,,SG,
3211,Spencer Hawes,,,,C,
3212,Herbert Hill,,,,PF,
3213,Al Horford,220.0,220.0,1.68,"PF,C",espn
3214,Yi Jianlian,,,,PF,
3215,Jared Jordan,,,,PG,
3148992,Jordan Caroline,,,,,
3217,Carl Landry,,,,PF,
3218,Stephane Lasme,,,,PF,
3219,Acie Law,,,,PG,
3220,Josh McRoberts,,,,PF,
4066496,JaQuori McLaughlin,,,0.01,PG,
3223,Demetris Nichols,,,,SF,
3224,Joakim Noah,,,,C,
3225,Greg Oden,,,,C,
3226,Georgios Printezis,,,,PF,
3227,Gabe Pruitt,,,,PG,
3228,Milovan Rakovic,,,,PF,
4066490,Kostas Antetokounmpo,,,,PF,
3229,Chris Richard,,,,C,
3230,Renaldas Seibutis,,,,,
3231,Ramon Sessions,,,,PG,
3232,Jason Smith,,,,C,
4066486,Jarron Cumberland,,,0.01,SG,
3233,Tiago Splitter,,,,PF,
3234,D.J. Strawberry,,,,SG,
3943606,Jerome Robinson,,,,SG,
3235,Rodney Stuckey,,,,SG,
3236,Reyshawn Terry,,,,PF,
4869342,Dyson Daniels,48.0,48.0,89.94,"PG,SG",espn
3237,Al Thornton,,,,SF,
3238,Alando Tucker,,,,SF,
3239,Sean Williams,,,,PF,
3148983,Tim Bond,,,,,
3240,Marcus Williams,,,,PF,
3241,Julian Wright,,,,SF,
3242,Brandan Wright,,,,PF,
3243,Nick Young,,,,SG,
4279532,Stanley Umude,,,0.02,SG,
3244,Thaddeus Young,,,,PF,
3245,Sun Yue,,,,SG,
3246,Dominic McGuire,,,,SF,
3247,Joel Anthony,,,,C,
3249,Jamario Moon,,,,SF,
4066467,Malik Fitts,,,,,
3251,Coby Karl,,,,SG,
3252,Mustafa Shakur,,,,PG,
3254,Rod Benson,,,,PF,
3255,Dontell Jefferson,,,,SG,
3256,Trey Johnson,,,,SG,
4066457,Austin Reaves,39.0,39.0,95.7,"PG,SG",espn
3263,Thomas Gardner,,,,SG,
4066450,Armoni Brooks,,,0.01,PG,
3269,Brent Petway,,,,PF,
3270,Carlos Powell,,,,PF,
3272,Antywane Robinson,,,,PF,
4066446,Elijah Hughes,,,,SG,
3273,Courtney Sims,,,,C,
4066443,Christian Vital,,,,,
3275,Jamaal Tatum,,,,SG,
3276,Anthony Tolliver,,,0.05,PF,
3277,C.J. Watson,,,,PG,
3278,Mario West,,,,SG,
3280,Kevin Kruger,,,,PG,
3149059,Tariq Owens,,,,,
3290,Darryl Watkins,,,,C,
4295836,Deandre Liggins,,,,SF,
3149036,Matt Mooney,,,0.01,SG,
3297,Kevin Lyde,,,,C,
3960053,Elton Brand,,,,SF,
2993370,Richaun Holmes,380.0,380.0,0.05,C,espn
3149030,L.J. Peak,,,,SG,
3319,Doug Thomas,,,,PF,
4697270,Payton Sandfort,,,,,
4697268,Kam Jones,,,0.03,PG,
3149034,Trey Mourning,,,,,
3149010,Chandler Hutchison,,,,SF,
4066508,Charlie Brown Jr.,,,,,
4066632,Justinian Jessup,,,,SG,
4066628,Derrick Alston Jr.,,,,,
3968292,Jason Thompson,,,,SF,
4844932,Cameron Reynolds,,,,,
3401,Lance Allred,,,,C,
3402,Blake Ahearn,,,,PG,
4418834,Eric Moreland,,,,,
3410,Alexis Ajinca,,,,C,
3411,Joe Alexander,,,,SF,
3412,Ryan Anderson,,,,PF,
3413,Darrell Arthur,,,,PF,
3414,Omer Asik,,,,C,
3415,D.J. Augustin,,,,PG,
3416,Nicolas Batum,381.0,381.0,0.08,PF,espn
3417,Jerryd Bayless,,,,PG,
3418,Michael Beasley,,,,PF,
3419,Mario Chalmers,,,,PG,
3420,Joe Crawford,,,,SG,
3421,Joey Dorsey,,,,PF,
3422,Chris Douglas-Roberts,,,,SG,
3423,Goran Dragic,,,,PG,
2534781,Gorgui Dieng,,,,C,
3424,Tadija Dragicevic,,,,SF,
4066678,Bryson Williams,,,,,
3425,Semih  Erden,,,,C,
3426,Patrick Ewing Jr.,,,,SF,
3427,Shan Foster,,,,SG,
3428,Danilo Gallinari,,,,PF,
3429,J.R. Giddens,,,,SG,
3430,James Gist,,,,PF,
3431,Eric Gordon,382.0,382.0,0.06,SG,espn
3432,Donte Greene,,,,SF,
3433,Malik Hairston,,,,SG,
3434,DeVon Hardin,,,,C,
4066668,Malachi Flynn,,,0.03,PG,
3435,Richard Hendrix,,,,PF,
3436,Roy Hibbert,,,,C,
4222252,Isaiah Hartenstein,130.0,130.0,43.8,C,espn
3437,JJ Hickson,,,,PF,
3438,George Hill,,,,PG,
3439,Serge Ibaka,,,,C,
3440,Darnell Jackson,,,,PF,
3441,Nathan Jawai,,,,C,
3442,DeAndre Jordan,,,0.08,C,
3443,Sasha Kaun,,,,C,
3444,Kosta Koufos,,,,C,
3445,Courtney Lee,,,,SG,
3446,Maarty Leunen,,,,SF,
4066656,Yoeli Childs,,,,,
3447,Robin Lopez,,,,C,
3448,Brook Lopez,135.0,135.0,6.87,C,espn
3449,Kevin Love,383.0,383.0,0.21,PF,espn
4066651,Killian Tillie,,,0.02,C,
3450,O.J. Mayo,,,,SG,
3451,Luc Mbah a Moute,,,,SF,
4066649,Zach Norvell Jr.,,,0.01,SG,
3452,JaVale McGee,,,,C,
4066650,Zach Collins,301.0,301.0,0.15,C,espn
3453,Nikola Pekovic,,,,C,
3454,Trent Plaisted,,,,PF,
4066648,Rui Hachimura,206.0,206.0,5.95,"SF,PF",espn
3455,Anthony Randolph,,,,PF,
3456,Derrick Rose,,,,PG,
3457,Brandon Rush,,,,SG,
3458,Walter Sharpe,,,,PF,
3459,Sean Singletary,,,,PG,
3460,Marreese Speights,,,,C,
3461,Mike Taylor,,,,PG,
3462,Jason Thompson,,,,PF,
3463,Ante Tomic,,,,C,
3464,Henry Walker,,,,SG,
4296007,Okaro White,,,,SF,
3465,Deron Washington,,,,SF,
3466,Kyle Weaver,,,,PG,
4066636,Markelle Fultz,,,0.03,PG,
3467,Sonny Weems,,,,SG,
3468,Russell Westbrook,409.0,409.0,6.17,PG,espn
3469,D.J. White,,,,PF,
3470,David Padgett,,,,PF,
3471,Jason Richards,,,,PG,
4066757,Sam Merrill,255.0,255.0,0.63,SG,espn
5107156,Lachlan Olbrich,,,,PF,
5238230,Tre Johnson,225.0,225.0,1.82,SG,espn
3472,Bobby Brown,,,,PG,
3473,Dwayne Mitchell,,,,SG,
3474,Anthony Morrow,,,,SG,
5107157,Ryan Conwell,,,0.22,SG,
3475,Othello Hunter,,,,PF,
3476,Dion Dowell,,,,SF,
3477,Steven Hill,,,,PF,
3478,Hamed Haddadi,,,,C,
3075526,Andre  Barrett,,,,PF,
5107173,Danny Wolf,193.0,193.0,1.24,"PF,C",espn
4066735,Tommy Kuhse,,,,,
4066736,Jordan Ford,,,,,
4066731,Jalen McDaniels,,,0.08,PF,
2583962,Kevin Pangos,,,0.02,PG,
4640265,Max Fielder,,,,C,
5107199,Daniss Jenkins,,,0.37,PG,
4279815,Terry Taylor,,,0.01,PF,
5279133,Joan Beringer,,,0.71,C,
4410768,Troy Brown Jr.,,,,,
4230546,Terrance Ferguson,,,,SG,
4230547,Frank Ntilikina,,,,PG,
4230548,Rodions Kurucs,,,,PF,
4230550,Elie Okobo,,,,PG,
3026413,Keyon Dooling,,,,SF,
4230551,Arnoldas Kulboka,,,,SF,
4230554,Marko Guduric,,,0.01,SG,
4230557,Vlatko Cancar,,,0.01,SF,
4566434,Franz Wagner,59.0,59.0,89.1,"SF,PF",espn
3919347,Chima Moneke,,,,,
4066808,Taze Moore,,,0.01,SG,
3554,Omri Casspi,,,,SF,
5279129,Sergio de Larrea,,,0.45,PG,
4066796,DeJon Jarreau,,,0.01,PG,
5279130,Nolan Traore,224.0,224.0,0.55,PG,espn
4066790,Anthony Lamb,,,0.02,SF,
3919335,Cheick Diallo,,,,PF,
4066786,Jeff Dowtin Jr.,,,0.02,PG,
3591,Paulo Prestes,,,,C,
3593,Bojan Bogdanovic,,,,PF,
3157465,Duncan Robinson,181.0,181.0,2.77,"SG,SF",espn
4066889,Jackson Rowe,,,0.01,PF,
4591185,David Kramer,,,,,
4591183,Aric Holman,,,,,
4279888,Ja Morant,83.0,83.0,89.88,PG,espn
4279887,Shaq Buchanan,,,,,
4591182,Yudai Baba,,,,,
3059247,Xavier Rathan-Mayes,,,0.01,PG,
3059273,Demetrius Jackson,,,,PG,
3059272,V.J. Beachem,,,,SF,
3059266,Cat Barber,,,0.03,PG,
3059262,Davon Reed,,,,SG,
4279920,Grayson Murphy,,,,,
4066851,Miye Oni,,,,SG,
4279924,Pedro Bradshaw,,,,,
4066836,Grant Golden,,,,,
4066830,Robert Baker II,,,,,
3059319,Andrew Wiggins,105.0,105.0,73.11,"SF,PF",espn
3059318,Joel Embiid,73.0,73.0,92.74,C,espn
3059315,Frank Mason III,,,,PG,
3059316,Wayne Selden,,,0.02,SG,
3059311,Matt Thomas,,,0.02,SG,
5164559,Nate Ament,295.0,295.0,1.16,SF,espn
3059310,Monte Morris,,,0.01,PG,
3059307,Ish Wainright,,,0.02,PF,
3059336,Isaiah Taylor,,,0.02,PG,
3059329,Jeffrey Carroll,,,,,
3985010,Tim Frazier,,,,SG,
5107258,William Kyle III,,,,,
3059285,Devon Hall,,,,PG,
3059286,London Perrantes,,,0.01,PG,
5107251,Izaiyah Nelson,,,0.01,PF,
2608716,Cady Lalanne,,,0.02,C,
3059281,Tyler Ennis,,,0.01,PG,
3919454,Terence Davis,,,0.01,SG,
3059279,Mike Young,,,,PF,
3059280,BJ Johnson,,,0.02,SF,
3059276,Jamel Artis,,,0.01,SG,
3059306,Johnathan Motley,,,0.01,PF,
5107264,Marquel Sutton,,,,,
4067017,A.J. Lawson,,,0.01,SG,
4017857,Ognjen Jaramaz,,,0.02,PG,
4017851,Mathias Lessort,,,,PF,
4017850,Wang Zhelin,,,0.11,C,
4017844,Guerschon Yabusele,384.0,384.0,0.26,"PF,C",espn
4017843,Thon Maker,,,,C,
4066998,Jalen Harris,,,,SG,
4017846,Georgios Papagiannis,,,0.02,C,
4017845,Isaia Cordinier,,,0.01,SG,
4066993,Dru Smith,,,0.08,PG,
4017839,Juancho Hernangomez,,,,PF,
4280037,Isaiah Miller,,,,PG,
4845277,Gary Payton II,,,,,
4017838,Ante Zizic,,,,C,
4017837,Ivica Zubac,78.0,78.0,85.12,C,espn
4280041,Javante McCoy,,,,,
4329199,Aaron Jackson,,,,SF,
4787952,Cameron Reynolds,,,,,
3968665,John Jenkins,,,,SF,
3059363,Brandon Austin,,,,,
3059358,Deonte Burton,,,0.01,SG,
4066958,Max Heidegger,,,,,
3059356,Billy Garrett Jr.,,,0.02,SG,
5090967,Jaylin Galloway,,,,,
4869780,Derik Queen,87.0,87.0,52.14,"PF,C",espn
4067069,Nate Darling,,,0.01,SG,
2608892,Norvel Pelle,,,,C,
4591259,Koby Brea,333.0,333.0,0.11,SG,espn
2608891,JaKarr Sampson,,,0.01,PF,
2608899,Sir'Dominic Pointer,,,,SG,
4067045,Alize Johnson,,,,PF,
2993875,Shabazz Muhammad,,,0.02,SF,
4411057,Kevin McCullar Jr.,,,0.03,SF,
3059411,Bronson Koenig,,,,SG,
3059409,Nigel Hayes-Davis,385.0,385.0,0.06,SF,espn
2993874,Kyle Anderson,266.0,266.0,0.3,"SF,PF",espn
2993873,Jordan Adams,,,0.01,SG,
3952343,Jaylen Morris,,,0.01,SG,
3836,Brandon Heath,,,,PG,
3837,Rob Kurz,,,,SF,
3838,DeMarcus Nelson,,,,SG,
3839,C.J. Giles,,,,C,
3840,Taj McCullough,,,,SF,
3059430,Zach Lofton,,,0.01,SG,
4017875,David Michineau,,,0.01,SG,
3841,Dan Grunfeld,,,,SG,
3842,Maureece Rice,,,,PG,
4017877,Gracin Bakumanya,,,,C,
3843,Omar Barlett,,,,PF,
3844,Coleman Collins,,,,PF,
3846,Curtis Sumpter,,,,PF,
3847,Brian Hamilton,,,,SF,
3848,Cory Underwood,,,,PF,
3849,James Mays,,,,PF,
3850,Brian Morrison,,,,SG,
3851,Charles Rhodes,,,,PF,
3852,JaJuan Smith,,,,SG,
3853,Cheyne Gadson,,,,SG,
3854,Charles Gaines,,,,PF,
3855,Vernon Hamilton,,,,SG,
3856,Marcus Hubbard,,,,C,
3857,Zhang Kai,,,,C,
3858,Frank Robinson,,,,SG,
3859,Chris Alexander,,,,C,
3860,Ron Howard,,,,SG,
3861,Gerry McNamara,,,,PG,
4280150,Joel Ayayi,,,0.01,PG,
3864,T.J. Cummings,,,,PF,
4280151,Corey Kispert,269.0,269.0,0.28,"SG,SF",espn
3882,Alexey Shved,,,,SG,
4820852,Michael Foster Jr.,,,,,
5148538,Tarik Biberovic,,,0.05,PF,
4837238,Tucker DeVries,,,,,
3002137,Tyrone Wallace,,,,PG,
4394864,Marcus Georges-Hunt,,,,,
4280181,Sir'Jabari Rice,,,,,
2608917,Terran Petteway,,,,SF,
3059484,Jeremy Morgan,,,,SG,
5041939,Cooper Flagg,24.0,24.0,99.79,"SF,PF",espn
5041935,Cameron Boozer,67.0,67.0,75.21,PF,espn
3930,Cartier Martin,,,,SF,
5041955,Darryn Peterson,107.0,107.0,65.02,"PG,SG",espn
5041951,Meleek Thomas,,,1.85,SG,
5041953,Koa Peat,,,0.56,PF,
4845363,Cam Christie,,,0.02,SG,
3936099,Derrick Jones Jr.,217.0,217.0,0.78,"SF,PF",espn
4845367,Stephon Castle,52.0,52.0,92.38,"PG,SG",espn
3936102,Stephen Zimmerman,,,,C,
3149673,Pascal Siakam,25.0,25.0,98.83,PF,espn
3962,Chris Hunter,,,,C,
3963,Rodrigue Beaubois,,,,PG,
3964,Patrick Beverley,,,,PG,
3965,DeJuan Blair,,,,C,
3966,Jon Brockman,,,,PF,
3967,Derrick Brown,,,,PF,
3968,Chase Budinger,,,,SF,
3969,Nick Calathes,,,,SG,
3970,DeMarre Carroll,,,,SF,
3971,Earl Clark,,,,PF,
3972,Victor Claver,,,,SF,
3973,Darren Collison,,,,PG,
4845374,Bub Carrington,179.0,179.0,2.61,"PG,SG",espn
3974,Dante Cunningham,,,,PF,
3975,Stephen Curry,36.0,36.0,99.52,PG,espn
3976,Austin Daye,,,,SF,
3977,Nando De Colo,,,,SG,
3978,DeMar DeRozan,86.0,86.0,84.39,"SF,PF",espn
3979,Toney Douglas,,,,PG,
3980,Robert Dozier,,,,PF,
4280267,Hunter Maldonado,,,,,
3981,Wayne Ellington,,,,SG,
3911620,Luke Maye,,,,,
3983,Tyreke Evans,,,,SG,
3984,Christian Eyenga,,,,SG,
3985,Jonny Flynn,,,,PG,
3986,Taj Gibson,,,0.06,PF,
3988,Danny Green,,,,SF,
3989,Blake Griffin,,,,PF,
3990,Taylor Griffin,,,,SF,
3991,Tyler Hansbrough,,,,PF,
4280280,Javan Johnson,,,,,
3992,James Harden,23.0,23.0,99.48,"PG,SG",espn
3993,Gerald Henderson,,,,SG,
3994,Jordan Hill,,,,PF,
3995,Jrue Holiday,128.0,128.0,29.48,"PG,SG",espn
3996,Lester Hudson,,,,SG,
3997,Brandon Jennings,,,,PG,
3998,Jonas Jerebko,,,,PF,
3999,James Johnson,,,0.05,PF,
4000,Ty Lawson,,,,PG,
4001,Eric Maynor,,,,PG,
4003,Jodie Meeks,,,,SG,
4004,Patty Mills,,,0.04,PG,
4005,Byron Mullens,,,,PF,
4008,Jeff Ayres,,,,PF,
4009,Emir Preldzic,,,,PF,
4010,A.J. Price,,,,PG,
4011,Ricky Rubio,,,,PG,
4012,DaJuan Summers,,,,SF,
4013,Goran Suton,,,,C,
4014,Jermaine Taylor,,,,SG,
4015,Jeff Teague,,,,PG,
4016,Hasheem Thabeet,,,,C,
4017,Marcus Thornton,,,,SG,
3960741,Jj Obrien,,,,C,
4018,Robert Vaden,,,,SG,
4019,Terrence Williams,,,,SF,
4837356,Tre Donaldson,,,,,
4020,Sam Young,,,,SF,
4021,Trey Gilder,,,,SF,
4022,Warren Carter,,,,PF,
4023,Garrett Temple,386.0,386.0,0.07,SG,espn
4024,Marcus Landry,,,,SF,
4025,Dionte Christmas,,,,SG,
4026,Leon Rodgers,,,,PF,
4027,Antonio Anderson,,,,SG,
4028,Michael Fey,,,,C,
4029,Tony Gaffney,,,,SG,
4030,Paul Harris,,,,SG,
4031,Thomas Kelati,,,,SG,
4032,Wesley Matthews,,,0.03,SF,
4033,David Monds,,,,PF,
4034,Shaun Pruitt,,,,PF,
4035,Garret Siler,,,,C,
3911566,Justin Wright-Foreman,,,,PG,
4036,Diamon Simpson,,,,PF,
4037,Lanny Smith,,,,PG,
4038,Curtis Stinson,,,,SG,
4039,Raymond Sykes,,,,PF,
4616077,Jeremy Pargo,,,,,
2994165,Erik McCree,,,0.01,SF,
4067325,Nathan Knight,,,0.01,C,
3911666,Luis Montero,,,0.01,SG,
4280244,Souley Boum,,,,,
4394934,Ismaila Kane,,,,,
4280245,Jamaree Bouyea,,,0.03,PG,
4394935,Taren Sullivan,,,,,
5107818,Isaac Jones,,,0.02,PF,
3936299,Jamal Murray,28.0,28.0,98.89,PG,espn
3936296,Skal Labissiere,,,0.01,PF,
3936297,Charles Matthews,,,,,
4903027,Cedric Coward,118.0,118.0,28.96,"SG,SF",espn
3936298,Mychal Mulder,,,0.01,SG,
4591725,Ryan Rollins,97.0,97.0,64.33,"PG,SG",espn
3936294,Isaiah Briscoe,,,0.01,PG,
4153,Dontaye Draper,,,,PG,
4154,Keith Brumbaugh,,,,PF,
4155,Kurt Looby,,,,C,
4156,Bennett Davis,,,,PF,
4158,Jerel McNeal,,,,SG,
4159,Taj Gray,,,,PF,
4160,A Aminu,,,,PF,
4161,Russell Robinson,,,,SG,
3936277,Trhae Mitchell,,,,,
4162,Luke Nevill,,,,C,
4163,Romel Beck,,,,SG,
4164,Curtis Jerrells,,,,PG,
4165,Jan Vesely,,,,SF,
4179,Larry Owens,,,,PF,
4180,Tre' Kelley,,,,SG,
4182,Pablo Prigioni,,,,PG,
4411416,Stephan Hicks,,,,,
4189,Tre Kelley,,,,SG,
3149935,C.J. Anderson,,,,,
4192,Milos Teodosic,,,,PG,
4195,Kostas Papanikolaou,,,,PF,
2232456,Patrick Christopher,,,,SG,
4205,David Andersen,,,,C,
4218,Gal Mekel,,,,SG,
4224,Sundiata Gaines,,,,PG,
4226,Cedric Jackson,,,,SG,
4599881,Talen Horton-Tucker,,,,,
4229,Reggie Williams,,,,SF,
4231,Othyus Jeffers,,,,SG,
4232,Alonzo Gee,,,,SF,
4233,Kenny Hasbrouck,,,,SG,
4234,Brian Butch,,,,C,
4235,Greg Stiemsma,,,,C,
3133626,Kenrich Williams,298.0,298.0,0.17,SF,espn
4236,Oliver Lafayette,,,,SG,
4237,John Wall,,,,PG,
4238,Eric Bledsoe,,,,PG,
4239,Evan Turner,,,,SF,
4240,Avery Bradley,,,,SG,
4241,Xavier Henry,,,,SG,
4242,James Anderson,,,,SG,
4243,Jordan Crawford,,,,SG,
4244,Lance Stephenson,,,,SF,
4245,Terrico White,,,,SG,
4246,Dominique Jones,,,,SG,
4395219,Brandon Austin,,,,,
4247,Wesley Johnson,,,,SF,
4248,Al-Farouq Aminu,,,,PF,
4249,Gordon Hayward,,,,SF,
4250,Luke Babbitt,,,,SF,
4251,Paul George,108.0,108.0,77.96,"SF,PF",espn
5099752,Rayan Rupert,321.0,321.0,0.15,SG,espn
4252,Damion James,,,,SF,
4253,Quincy Pondexter,,,,SF,
4254,Craig Brackins,,,,SF,
4255,Stanley Robinson,,,,SF,
3133638,Tarik Phillip,,,,,
4256,Devin Ebanks,,,,SF,
3133637,Jaysean Paige,,,,,
4257,Derrick Favors,,,,C,
4258,DeMarcus Cousins,,,,C,
3133635,Jevon Carter,319.0,319.0,0.11,PG,espn
4259,Ed Davis,,,,PF,
4260,Greg Monroe,,,,C,
3133633,Zach Smith,,,,,
4261,Ekpe Udoh,,,,C,
3133632,Norense Odiase,,,,C,
4262,Hassan Whiteside,,,,C,
4263,Daniel Orton,,,,PF,
4264,Patrick Patterson,,,,PF,
3133629,Keenan Evans,,,0.01,SG,
4265,Larry Sanders,,,,C,
3133628,Myles Turner,121.0,121.0,67.92,C,espn
4266,Jarvis Varnado,,,,PF,
3133627,Jordan Barnett,,,,,
4267,Cole Aldrich,,,,C,
4268,Solomon Alabi,,,,C,
4269,Nemanja Bjelica,,,,C,
4270,Trevor Booker,,,,PF,
4271,Da'Sean Butler,,,,SF,
4272,Derrick Caracter,,,,PF,
4273,Dwayne Collins,,,,PF,
4274,Landry Fields,,,,SG,
4275,Tiny Gallon,,,,PF,
4276,Luke Harangody,,,,PF,
4277,Lazar Hayward,,,,SF,
4278,Darington Hobson,,,,SF,
4279,Armon Johnson,,,,PG,
4280,Jerome Adolphus Jordan,,,,C,
4281,Gani Lawal,,,,PF,
4282,Hamady Ndiaye,,,,C,
4283,Dexter Pittman,,,,C,
4284,Tibor Pleiss,,,,C,
4285,Andy Rautins,,,,SG,
4286,Ryan Reid,,,,PF,
4287,Ryan Earl Richards,,,,PF,
4288,Magnum Rolle,,,,PF,
4706557,Chris Youngblood,,,0.15,SG,
4289,Kevin Seraphin,,,,C,
4290,Pape Sy,,,,PF,
3133603,Kelly Oubre Jr.,199.0,199.0,8.86,"SG,SF",espn
4291,Greivis Vasquez,,,,PG,
3133602,Svi Mykhailiuk,,,0.04,SG,
5107968,Ja'Kobi Gillespie,,,0.09,PG,
4292,Willie Warren,,,,SG,
3133601,Devonte' Graham,,,,PG,
4293,Latavious Williams,,,,PF,
3133600,Cliff Alexander,,,0.02,PF,
4294,Elliot Williams,,,,SG,
4295,Jeremy Evans,,,,SF,
4067469,Jemerrio Jones,,,0.01,SF,
4296,Ben Uzoh,,,,SG,
4297,Brian Zoubek,,,,C,
3133596,Kelan Martin,,,0.01,SG,
4298,Timofey Mozgov,,,,C,
4299,Jeremy Lin,,,,PG,
4300,Gary Neal,,,,PG,
4301,Matt Janning,,,,SG,
4302,Sherron Collins,,,,PG,
4303,Donald Sloan,,,,PG,
4304,Samardo Samuels,,,,PF,
4305,Ish Smith,,,0.03,PG,
2584812,Orlando Sanchez,,,,PF,
4306,Connor Atchley,,,,C,
4307,Jordan Eglseder,,,,C,
2994416,Cody Demps,,,0.01,PG,
4308,Eric Boateng,,,,C,
4309,Evan Brock,,,,PF,
4310,Richard Delk,,,,SG,
4311,Shane Edwards,,,,PF,
4312,Gary Forbes,,,,SF,
2994411,D'Vauntes Smith-Rivera,,,,PG,
4313,Dwight Lewis,,,,SG,
4314,Ricardo Marsh,,,,PF,
4315,Drew Naymick,,,,C,
4075769,Georgios Papagiannis,,,,SF,
4316,Seth Tarver,,,,SG,
4317,Eric Williams,,,,PF,
4318,Patrick Sullivan,,,,C,
4319,Ryan Thompson,,,,SG,
4320,Jerome Dyson,,,,SG,
4321,Elijah Millsap,,,,SG,
4322,Michael Washington,,,,PF,
4323,Marqus Blakely,,,,SF,
4324,Tweety Carter,,,,SG,
4325,Marcus Cousin,,,,C,
4326,Stephen Dennis,,,,SG,
4327,Zabian Dowdell,,,,SG,
4328,James Florence,,,,PG,
4329,Mickell Gladness,,,,C,
4330,Longar Longar,,,,C,
4331,Anthony Mason Jr.,,,,SF,
4332,Kevin Palmer,,,,SG,
4333,Matt Rogers,,,,PF,
4334,Jon Scheyer,,,,SG,
5107897,Jonathan Mogbo,313.0,313.0,0.15,PF,espn
4335,Jeff Adrien,,,,PF,
4336,Vernon Goodridge,,,,PF,
4339,Ibrahim Jaaber,,,,PG,
4341,Nicolo Melli,,,0.03,PF,
5165257,Trentyn Flowers,,,0.01,SF,
3911893,Jack McVeigh,,,0.02,PF,
5157066,Johnny Furphy,317.0,317.0,0.21,SG,espn
3928275,Cameron Oliver,,,0.01,PF,
4359,Tasmin Mitchell,,,,PF,
4360,Manny Harris,,,,SG,
3911889,Jordan Murphy,,,,,
4280522,Jameer Nelson,,,,SF,
4362,Chris Kramer,,,,SG,
4288848,EJ Onu,,,,C,
4376,Boban Marjanovic,,,0.08,C,
4280672,Aj Hammons,,,,SF,
4385,Mirza Teletovic,,,,PF,
4903265,Ethan Taylor,,,,,
5091677,Mojave King,,,0.01,SG,
4400,Chris Johnson,,,,C,
4649332,Mychal Mulder,,,,,
2994468,Jaron Johnson,,,,SG,
2994467,Alex Hamilton,,,,SG,
3977492,Orlando Johnson,,,,SF,
4067603,Ade Murkey,,,,,
5091709,Lachlan Olbrich,,,0.01,PF,
3133817,Eric Paschall,,,,PF,
4067696,MaCio Teague,,,,SF,
5108024,Yanic Konan Niederhauser,,,0.35,C,
4280634,Isaiah Whitehead,,,,SF,
2994526,Bryn Forbes,,,0.01,SG,
2142637,Kammron Taylor,,,,SG,
3133874,Jaylen Adams,,,0.03,PG,
3133843,Jared Terrell,,,0.01,SG,
4395510,Justin Bibbs,,,,,
3133838,Yuta Watanabe,,,,SF,
4067735,Carlik Jones,,,0.01,PG,
5124612,VJ Edgecombe,84.0,84.0,79.85,SG,espn
2167207,Michael Lee,,,,SG,
4395528,Cj Wilcox,,,,,
5149077,Kingston Flemings,191.0,191.0,3.01,"SG,PG",espn
4723087,Nate Hinton,,,,,
4870564,Joshua Jefferson,,,0.16,"SF,PF",
4870562,Dominick Barlow,,,0.45,"PF,C",
5214640,Kasparas Jakucionis,236.0,236.0,0.79,PG,espn
4673974,Keita Bates-Diop,,,,,
5214637,Noah Penda,,,0.06,PF,
5075393,Trevor Hudgins,,,,,
5149115,Allen Graves,,,0.41,SF,
4321874,Mike James,,,,SF,
4592204,David Johnson,,,,PG,
4592216,Alondes Williams,,,0.04,SG,
3961400,Bryce Dejean-Jones,,,,SG,
4698719,Trevon Brazile,,,0.26,"SF,PF",
4395620,Hunter Tyson,387.0,387.0,0.04,SF,espn
2232905,Edgar Sosa,,,,SG,
4395626,Tre Jones,157.0,157.0,5.71,PG,espn
4395625,RJ Barrett,104.0,104.0,73.15,"SG,SF",espn
4395623,Trey Jemison III,,,0.03,C,
4395630,Devin Vassell,140.0,140.0,38.68,"SG,SF",espn
4395628,Zion Williamson,58.0,58.0,92.29,"PF,C",espn
4395627,Cam Reddish,,,0.01,SF,
4395631,Michael Devoe,,,,,
2232862,Alex Stepheson,,,,PF,
4395650,Leaky Black,,,0.1,SF,
4067858,Kevon Harris,,,0.0,SG,
4395652,Nassir Little,,,,SF,
4395651,Coby White,81.0,81.0,81.16,"PG,SG",espn
4297352,Marco Belinelli,,,,SF,
3904015,Marcus Eriksson,,,0.01,SG,
4411934,Emanuel Terry,,,,,
2232956,Phil Jones,,,,C,
2282117,John Holland,,,,SG,
4592177,Norense Odiase,,,,,
3912292,Jarrell Brantley,,,,PF,
4592171,Dusty Hannahs,,,,,
3912295,Grant Riller,,,,PG,
5116468,Andrew Holifield,,,,,
3912278,Josh Reaves,,,,,
4592187,Wendell Moore Jr.,,,0.01,SF,
4067919,Tiwian Kendley,,,,,
2527922,Casey Prather,,,,PF,
4395725,Tyler Herro,55.0,55.0,84.69,"PG,SG",espn
4395724,Immanuel Quickley,91.0,91.0,70.4,"PG,SG",espn
4395723,Keldon Johnson,142.0,142.0,6.43,"SF,PF",espn
4707023,KJ Jones II,,,,,
5157587,Rocco Zikarsky,,,0.14,C,
4395727,EJ Montgomery,,,,,
3961536,Jeff Ayres,,,,SF,
2527926,Patric Young,,,0.08,C,
2552502,Kadeem Jack,,,,PF,
2527924,Scottie Wilbekin,,,,SG,
3076808,Brandon  Heath,,,,PF,
3093185,Dexter Pittman,,,,SF,
4231914,Luca Vildoza,,,,PG,
4231916,Tidjan Keita,,,,SF,
5239561,Jase Richardson,338.0,338.0,0.19,SG,espn
3912339,Kaiser Gates,,,,,
3912334,Khyri Thomas,,,,SG,
3912332,Justin Patton,,,,C,
4895382,Isaiah Miller,,,,,
4895385,Chris Silva,,,,,
4895386,Jared Harper,,,,,
4895383,Matt Lewis,,,,,
4895384,Brian Bowen II,,,,,
4895374,Garrison Mathews,,,,,
4395667,Dane Goodwin,,,,,
4395671,Au'Diese Toney,,,,,
4895376,Ryan Arcidiacono,,,,,
4395677,Kihei Clark,,,,,
4395676,Buddy Boeheim,,,,,
5075626,Baba Miller,,,0.11,PF,
2126590,Sofoklis Schortsanitis,,,,C,
4395684,Landers Nolley II,,,,,
4895387,Zylan Cheatham,,,,,
4895394,Xavier Sneed,,,,,
4395688,Jaylen Hoard,,,0.02,SF,
4592304,Donovan Williams,,,,,
4395698,Kira Lewis Jr.,,,,PG,
4395697,Matthew Mayer,,,,,
4395695,Jared Butler,,,0.01,SG,
2282197,Mustapha Farrakhan,,,,SG,
4395702,Isaiah Joe,215.0,215.0,1.3,SG,espn
4895405,Quinn Cook,,,,,
4109026,Reggie Williams,,,,SF,
4895406,Patrick Patterson,,,,,
4395704,Mason Jones,,,0.0,SG,
4895407,Dj Steward,,,,,
4895408,Matt Coleman III,,,,,
2282205,Malcolm Delaney,,,0.01,PG,
2527968,Devyn Marble,,,,SG,
4395714,Keyontae Johnson,,,0.01,SF,
4592317,Joel Soriano,,,,,
4715198,Isaiah Todd,,,,PF,
2527963,Victor Oladipo,,,,SG,
4395712,Andrew Nembhard,123.0,123.0,60.77,"PG,SG",espn
4395722,Ashton Hagans,,,0.01,PG,
4592323,Tyus Battle,,,,,
4592324,Barry Brown,,,,,
4395851,Will Cherry,,,,,
4592461,Jacob Toppin,,,0.01,SF,
4576087,Peyton Watson,114.0,114.0,33.02,"SF,PF",espn
4600663,Zach Edey,116.0,116.0,55.87,C,espn
2560823,Zoran Dragic,,,0.02,SG,
4576086,Bryce McGowens,,,0.03,SG,
4576085,JD Davison,,,0.02,PG,
4592479,Julian Champagnie,133.0,133.0,17.46,"SF,PF",espn
3945274,Luka Doncic,3.0,3.0,99.88,PG,espn
4076341,Tyrius Walker,,,,,
4592492,Bones Hyland,274.0,274.0,0.56,PG,espn
4592401,N'Faly Dante,,,0.01,C,
4592402,Chris Duarte,,,0.01,SG,
4412182,Isaiah Canaan,,,,,
4895499,Wayne Selden,,,,,
5214989,Bogoljub Markovic,,,0.03,PF,
2282360,Kevin Anderson,,,,PG,
2995079,Jacob Wiley,,,0.03,SF,
4895529,Shaq Buchanan,,,,,
5239590,Liam McNeeley,299.0,299.0,0.19,SF,espn
4895528,Jordan Schakel,,,0.01,SF,
4592427,Spencer Jones,,,0.07,"SF,PF",
2233174,DeShawn Sims,,,,PF,
4592435,Branden Carlson,,,0.01,C,
2528096,Mike James,,,0.04,PG,
4576060,Ryan Kalkbrenner,177.0,177.0,1.63,C,espn
4592444,Jameer Nelson Jr.,,,,,
4395844,Tyrius Walker,,,,,
4592453,Sean East II,,,,,
3937101,Deyonta Davis,,,,C,
4871141,Ariel Hukporti,,,0.12,C,
4395997,Terrell Brown Jr.,,,,,
4871139,Gabriele Procida,,,0.01,SG,
4871140,Ibou Badji,,,0.01,C,
4871145,Josh Giddey,16.0,16.0,97.14,"PG,SG",espn
4871146,Juhann Begarin,,,,SG,
4871143,Usman Garuba,,,,PF,
4871144,Alperen Sengun,20.0,20.0,98.42,C,espn
4871137,Malcolm Cazalon,,,0.0,SG,
4871138,Hugo Besson,,,0.01,PG,
2233248,David Lighty,,,,SG,
2995105,Stanton Kidd,,,,,
3150844,Moritz Wagner,302.0,302.0,0.35,C,espn
2528235,Deshaun Thomas,,,,SF,
4207508,Edy Tavares,,,,C,
3085293,Chris Walker,,,,PF,
2528244,Duje Dukan,,,0.01,PF,
4420510,Mitchell Creek,,,,,
2528262,Stephan Hicks,,,,,
2528210,Tim Hardaway Jr.,169.0,169.0,3.84,"SG,SF",espn
2528211,Jon Horford,,,,PF,
2528231,Aaron Craft,,,0.01,SG,
2528327,Kyle Collinsworth,,,0.01,SG,
2585616,Pero Antic,,,,PF,
2585629,Luigi Datome,,,,SF,
3134497,Kavell Bigby-Williams,,,,,
4396164,John Petrucelli,,,,,
2585637,Dairis Bertans,,,,SG,
3912841,Barry Brown Jr.,,,,,
4895758,Cody Williams,281.0,281.0,0.29,SG,espn
5149711,Jaylen Martin,,,0.02,SF,
2528374,J.J. O'Brien,,,0.01,SF,
2282622,Jacob Pullen,,,,PG,
2528386,Joe Young,,,0.1,PG,
2528393,Tarik Black,,,,C,
2528394,Chris Crawford,,,,SG,
3904625,Tacko Fall,,,1.54,C,
3904623,Chad Brown,,,,,
4641828,Justin Patton,,,,,
4592686,Antonio Reeves,,,0.02,SG,
3945563,Johnny Hamilton,,,,C,
4412474,Mitchell Creek,,,,,
4592691,Jake LaRavia,147.0,147.0,4.67,"SF,PF",espn
3945566,Justin Robinson,,,0.01,PG,
2528353,Tony Snell,,,,SG,
2528354,Cameron Bairstow,,,0.02,PF,
4592699,Enrique Freeman,,,0.03,PF,
4592714,Pat Spencer,,,0.15,"PG,SG",
4592712,Boo Buie,,,0.04,PG,
2528355,Alex Kirk,,,0.08,C,
2528356,Jamaal Franklin,,,,SG,
4592843,Brice Williams,,,,,
4592857,Isaiah Crawford,,,0.02,SF,
4609241,Jordan Clarkson,,,,,
4609240,Dante Exum,,,,,
2528450,Nick Minnerath,,,,PF,
2528447,Ray McCallum,,,,PG,
5108969,Lajae Jones,,,0.04,SG,
2528396,Joe Jackson,,,,SG,
2143380,Bo Lester McCalebb,,,,PG,
2282650,Blake Griffin,,,,PF,
4412664,Marcin Gortat,,,,,
3912854,Jawun Evans,,,,PG,
4412668,Greg Monroe,,,,,
4437244,Jalen Green,115.0,115.0,79.03,"SG,SF",espn
4683018,Aleksej Pokusevski,,,,PF,
2528426,Jordan Clarkson,290.0,290.0,1.06,"SG,SF",espn
3912848,Dean Wade,294.0,294.0,0.68,PF,espn
4412680,Greg Monroe,,,,,
2282734,Kalin Lucas,,,,PG,
2528499,John Bohannon,,,,C,
2282751,Dallas Lauderdale,,,,PF,
3929325,Furkan Korkmaz,,,,SG,
4412594,Bobby Portis,,,,,
3929321,Gabriel Deck,,,0.02,SF,
4412593,Jabari Parker,,,,,
2528473,Okaro White,,,0.04,PF,
4412598,Brandon Knight,,,,,
4412597,Marquese Chriss,,,,,
4412596,Iman Shumpert,,,,,
4412595,Otto Porter Jr.,,,,,
3929314,Nicolas Brussino,,,0.01,SG,
4601025,Pelle Larsson,,,1.14,"SG,SF",
2528479,Alec Brown,,,0.01,C,
4601023,Oso Ighodaro,124.0,124.0,14.3,PF,espn
4306112,Trevor Booker,,,,SF,
4592829,Quenton Jackson,388.0,388.0,0.15,"PG,SG",espn
4306120,Shabazz Muhammad,,,,SF,
4396374,Deandre Liggins,,,,,
4396376,Cole Aldrich,,,,,
4592979,Zyon Pullin,,,,,
4396383,Angel Rodriguez,,,,,
4396390,Will Cherry,,,,,
2528586,Walt Lemon Jr.,,,0.02,PG,
4396391,Kendrick Nunn,,,,,
4593016,Quinten Post,,,0.12,"PF,C",
5281137,Saliou Niang,,,0.01,SG,
4593034,Alex Morales,,,,,
5174655,Chaney Johnson,,,0.02,SF,
4412685,Ivica Zubac,,,,,
4683025,Leandro Bolmaro,,,,SG,
4683024,Killian Hayes,389.0,389.0,0.26,PG,espn
4683023,Jay Scrubb,,,,SG,
4683022,Georgios Kalaitzakis,,,,PG,
4683021,Deni Avdija,30.0,30.0,93.16,"SF,PF",espn
4683028,Yam Madar,,,,PG,
4683027,Theo Maledon,,,,PG,
5174563,Kyshawn George,126.0,126.0,24.61,"SG,SF",espn
4592933,Mouhamadou Gueye,,,,,
2528646,Eric Griffin,,,0.03,SF,
2528588,Doug McDermott,,,0.02,SF,
5231919,Karim Lopez,,,0.37,SF,
4355392,Emanuel Terry,,,0.01,PF,
4592965,Tristen Newton,,,0.01,PG,
4838721,Tyler Nickel,,,0.09,SF,
4593106,Boogie Ellis,,,,,
3134903,Gary Payton II,390.0,390.0,0.41,SG,espn
2528698,Corey Walden,,,,SG,
2528693,Torrey Craig,391.0,391.0,0.06,PF,espn
2528703,Juwan Staten,,,,PG,
4912612,Justin Robinson,,,,,
3134918,Elijah Stewart,,,,,
3134916,Jordan McLaughlin,329.0,329.0,0.15,PG,espn
4593125,Santi Aldama,178.0,178.0,20.26,"SF,PF",espn
3134908,Jakob Poeltl,110.0,110.0,60.8,C,espn
3134907,Kyle Kuzma,190.0,190.0,4.75,"SF,PF",espn
3134881,Stanley Johnson,,,,SF,
3134880,Kadeem Allen,,,,PG,
4593041,David Roddy,,,0.01,PF,
2995703,Marko Todorovic,,,,PF,
2995706,Mario Hezonja,,,,SF,
3913220,DaQuan Jeffries,,,0.02,SG,
2995702,Alex Abrines,,,,SG,
4593049,Orlando Robinson,,,0.01,C,
4593043,John Tonje,,,0.02,SF,
4896165,Romeo Weems,,,,,
3134932,John Konchar,392.0,392.0,0.08,SG,espn
3913180,Garrison Mathews,393.0,393.0,0.05,SG,espn
3913174,Luke Kennard,219.0,219.0,1.17,SG,espn
3913173,Chase Jeter,,,,C,
4707776,Devon Higgs,,,,,
3913176,Brandon Ingram,57.0,57.0,81.73,"SF,PF",espn
4593095,Omari Moore,,,,,
4396629,Nate Hinton,,,0.01,SG,
4396638,Feron Hunt,,,0.0,PF,
3135048,Jahlil Okafor,,,0.02,C,
4896355,Brandon Rachal,,,,,
3135047,Justise Winslow,,,,SF,
3135046,Tyus Jones,293.0,293.0,1.07,PG,espn
3135045,Grayson Allen,168.0,168.0,6.61,"PG,SG",espn
5281370,Hannes Steinbach,254.0,254.0,1.45,PF,espn
4896372,Walter Clayton Jr.,204.0,204.0,1.08,"PG,SG",espn
4396657,Moses Wood,,,,,
2528779,Reggie Bullock Jr.,,,,SF,
4396656,Jordan Walker,,,,SG,
4896365,Adama Bal,,,,,
2528794,Joe Harris,,,,SF,
2528787,Lorenzo Brown,,,0.02,SG,
2528788,C.J. Leslie,,,,SF,
2995725,Alessandro Gentile,,,,SG,
2528797,Akil Mitchell,,,,PF,
2283039,Brian Qvale,,,,C,
3913239,Dwayne Sutton,,,,,
4396676,Dexter Dennis,,,,,
4396682,Jaime Echenique,,,0.01,C,
2528803,Jarell Eddie,,,,SF,
4396679,Erik Stevenson,,,,,
3135098,Jake Toolson,,,,,
4806184,Daquan Jeffries,,,,,
3020370,Michael Eric,,,,C,
2168405,Michael Jenkins,,,,SG,
4421192,Eric Moreland,,,,,
2283112,Jeff Foote,,,,PG,
4617937,Isaiah Thomas,,,,,
4593363,Matur Maker,,,,,
4781778,Quinn Cook,,,,,
4593385,Aaron Estrada,,,,,
4896481,Alex Fudge,,,,,
2283270,Jake Anderson,,,,PG,
2578185,Dorian Finney-Smith,320.0,320.0,0.14,PF,espn
4781746,Javon Small,,,0.09,PG,
2586337,Serhiy Lishchuk,,,,C,
5174983,Aday Mara,,,3.22,C,
2528992,Chris Udofia,,,,PF,
3151568,Trayvon Palmer,,,,,
4241228,Yakuba Ouattara,,,,SG,
3913546,Melvin Frazier Jr.,,,,SF,
2578232,DeAndre Daniels,,,0.01,SF,
2578231,Ryan Boatright,,,,PG,
2578240,Khem Birch,,,0.02,C,
2578239,Pat Connaughton,334.0,334.0,0.09,SG,espn
3077960,Isaac Hamilton,,,,SG,
4683615,Rokas Jokubaitis,,,,PG,
4912996,Trevon Scott,,,,,
3102534,Damien Inglis,,,0.02,SF,
3102533,Thanasis Antetokounmpo,,,0.32,SF,
4028211,Cody Demps,,,,,
3102532,Vasilije Micic,394.0,394.0,0.05,PG,espn
3102531,Kristaps Porzingis,99.0,99.0,70.4,"PF,C",espn
3102530,Jusuf Nurkic,155.0,155.0,8.71,C,espn
3102529,Clint Capela,258.0,258.0,0.6,C,espn
3102528,Dante Exum,395.0,395.0,0.05,SG,espn
4618087,Marvin Williams,,,,,
4683622,Marko Simonovic,,,,C,
4683634,Bennedict Mathurin,164.0,164.0,27.53,"SG,SF",espn
4396909,Aaron Nesmith,195.0,195.0,3.08,"SG,SF",espn
2201358,Courtney Fells,,,,SG,
4396908,Simi Shittu,,,,C,
4396907,Darius Garland,37.0,37.0,87.43,PG,espn
4683631,Daniel Batcho,,,,,
4896631,Devontae Shuler,,,,,
2578202,Dez Wells,,,,SG,
2578204,Pierre Deshawn Jackson,,,0.01,PG,
2578218,Angel Rodriguez,,,,,
2578213,Ben McLemore,,,,SG,
4396818,Jordan Miller,349.0,349.0,0.15,SF,espn
5175060,Jonathan Pierre,,,,,
3159942,Nuni Omot,,,,,
2578259,Darrun Hilliard,,,0.01,SF,
2578269,Tyler Harvey,,,0.01,SG,
4397003,Giorgi Bezhanishvili,,,,,
4397008,Romeo Langford,,,,SG,
4397014,Quentin Grimes,117.0,117.0,29.38,"SG,SF",espn
4683736,Kobe Bufkin,396.0,396.0,0.07,PG,espn
4397018,Ochai Agbaji,397.0,397.0,0.18,SF,espn
4397016,Devon Dotson,,,0.01,PG,
4610018,Justin Anderson,,,,,
4397020,Luguentz Dort,205.0,205.0,2.86,"SG,SF",espn
4683742,Julian Reese,,,0.06,PF,
4683750,Jordan Hawkins,326.0,326.0,0.13,SG,espn
4397033,Joe Wieskamp,,,,SF,
4683749,TyTy Washington Jr.,,,0.03,PG,
4683747,Jaylon Tyson,189.0,189.0,1.82,"SG,SF",espn
4397036,Marcus Zegarowski,,,,PG,
4397040,Brandon Williams,,,0.23,"PG,SG",
4683766,Isaiah Collier,180.0,180.0,6.52,PG,espn
3143565,Kevin Hervey,,,,SF,
4683778,Jared McCain,222.0,222.0,14.32,"PG,SG",espn
4683774,Bronny James,332.0,332.0,4.54,"PG,SG",espn
4683771,Ronald Holland II,249.0,249.0,0.73,"SF,PF",espn
4397066,Kendric Davis,,,,,
5093267,Collin Murray-Boyles,186.0,186.0,6.8,PF,espn
3913736,Phillip Carr,,,,,
4896654,Matt Hurt,,,,,
4896651,Jalen Lecque,,,,,
4896657,Marcus Foster,,,,,
2594818,James Michael McAdoo,,,0.05,PF,
4683681,Fanbo Zeng,,,,,
2594816,P.J. Hairston,,,0.01,SG,
4683678,Scoot Henderson,170.0,170.0,13.31,"PG,SG",espn
4396961,Robert Woodard II,,,,SF,
4396960,D.J. Stewart Jr.,,,,,
4396959,Reggie Perry,,,,C,
2594826,Le'Bryan Nash,,,,SF,
4683689,Jordan Walsh,239.0,239.0,0.62,SF,espn
4683688,Dereck Lively II,153.0,153.0,4.7,C,espn
4396963,Blake Hinson,,,0.02,SF,
4683686,Nick Smith Jr.,398.0,398.0,0.08,SG,espn
4913058,Tyrell Terry,,,,,
4396974,Marlon Taylor,,,,,
4609969,Charlie Brown Jr.,,,,,
4396972,Javonte Smart,,,,,
4396971,Naz Reid,56.0,56.0,81.85,"PF,C",espn
4396978,Darius Days,,,,,
4683692,Cason Wallace,146.0,146.0,14.0,"PG,SG",espn
3971035,Sean Kilpatrick,,,,C,
4011991,Dragan Bender,,,,PF,
4396989,George Conditt IV,,,,,
5289900,Mohamed Diawara,336.0,336.0,0.25,PF,espn
4396993,Tyrese Haliburton,19.0,19.0,93.15,"PG,SG",espn
4396991,Talen Horton-Tucker,,,0.01,SG,
4397002,Ayo Dosunmu,98.0,98.0,42.37,"PG,SG",espn
4397000,Tevian Jones,,,,,
4397134,Cole Swider,,,0.01,PF,
6156,Jeff Taylor,,,,SG,
4683857,Kobe Johnson,,,,,
3078200,John Egbunu,,,,C,
4397131,David Singleton,,,,,
4397136,Saddiq Bey,144.0,144.0,15.7,"SF,PF",espn
4397142,Jodie Meeks,,,,,
4397140,Kevin Porter Jr.,100.0,100.0,70.05,"PG,SG",espn
4896850,Taran Armstrong,,,,,
4683860,Quadir Copeland,,,,,
2594882,Jonathan Alexander Holmes,,,,PF,
4610145,Daryl Macon,,,,,
4593762,David Muoka,,,,C,
4397148,Timmy Allen,,,,,
4610139,Jeremy Sochan,246.0,246.0,0.61,PF,espn
3020863,Mickael Gelabale,,,,C,
5142621,Chris Cenac Jr.,,,0.47,"PF,C",
2594885,Sheldon Mac,,,0.01,SG,
2594883,Myck Kabongo,,,,SG,
5060701,Christian Anderson,,,0.38,PG,
5142620,Darius Acuff Jr.,94.0,94.0,48.46,PG,espn
4397166,CJ Elleby,,,,SG,
4397179,Tyrese Martin,,,0.03,SF,
4397183,Aaron Wiggins,226.0,226.0,2.17,"SG,SF",espn
4397189,Jalen Smith,213.0,213.0,1.03,"PF,C",espn
4585610,Kenneth Lofton Jr.,,,0.01,PF,
5060631,Adou Thiero,,,0.09,SF,
4397072,James Akinjo,,,,,
4397071,Mac McClung,,,0.06,SG,
4397077,Jaxson Hayes,276.0,276.0,0.32,C,espn
4397093,Warren Washington,,,,C,
5109790,Christoph Tilly,,,,C,
3078268,Devin Williams,,,,PF,
4397102,Bol Bol,399.0,399.0,0.27,PF,espn
4397101,Will Richardson,,,,,
4397104,Miles Norris,,,,,
4397103,Louis King,,,0.01,PF,
4683834,KJ Simpson,,,0.01,PG,
4397107,David Duke Jr.,,,0.0,SG,
4397114,Cormac Ryan,,,,,
4397111,Bryce Wills,,,,,
4397119,Jared Rhoden,,,0.01,SG,
2594922,Otto Porter Jr.,,,,SF,
4397126,Moses Brown,,,0.01,C,
4397125,LJ Figueroa,,,,,
2594920,Greg Whittington,,,0.04,SF,
4397130,Shareef O'Neal,,,,,
4397127,Jules Bernard,,,,SG,
3078287,Devin Davis,,,,,
3078286,Troy Williams,,,0.04,SF,
4897007,Matthew Cleveland,,,,,
3078284,Noah Vonleh,,,,PF,
4888725,Ryan Dunn,234.0,234.0,0.58,"SF,PF",espn
2283755,Mac Koshwal,,,,PF,
4585618,Keshon Gilbert,,,,,
2332913,Josh Bostic,,,,PF,
4593803,Jalen Williams,33.0,33.0,98.1,"SF,PF",espn
4397205,Ignas Brazdeikis,,,,PF,
4397204,Colin Castleton,,,0.02,C,
4593815,Rashaun Agee,,,,,
4397210,Gabe Brown,,,,,
4397209,Aaron Henry,,,0.01,SF,
4397212,Marcus Bingham Jr.,,,,,
4683935,Blake Wesley,,,0.02,SG,
4683934,Jahmai Mashack,,,0.02,SG,
4683933,Tamar Bates,,,0.02,SG,
4397215,Daniel Oturu,,,,C,
4602025,Sion James,,,0.1,SF,
5044385,Leonard Miller,306.0,306.0,0.18,SF,espn
4683940,Terquavion Smith,,,,,
3070169,Carlos Morais,,,,SG,
4593841,Baylor Scheierman,228.0,228.0,0.7,SG,espn
4397227,Vince Williams Jr.,400.0,400.0,0.13,"PG,SG",espn
4397233,Pete Nance,,,0.01,PF,
4397231,Miller Kopp,,,,,
2595034,LaDontae Henton,,,,PF,
4397237,Jaedon LeDee,,,,SG,
4397235,Duane Washington Jr.,,,0.01,PG,
4397246,Trevion Williams,,,,C,
4397249,Caleb McConnell,,,,,
4397251,Ron Harper Jr.,,,0.09,SG,
5101761,Mikel Brown Jr.,161.0,161.0,5.8,PG,espn
5142718,AJ Dybantsa,79.0,79.0,82.79,SF,espn
5363895,Narcisse Ngoy,,,0.01,C,
3914058,Justin James,,,,SG,
2234672,Kleon Penn,,,,C,
3914044,Landry Shamet,288.0,288.0,0.58,SG,espn
3922235,Robert Franks,,,,,
6424,Lavoy Allen,,,,PF,
6425,Keith Benson,,,,C,
6426,Davis Bertans,,,,PF,
6427,Bismack Biyombo,,,0.06,C,
3922230,Aaron Holiday,401.0,401.0,0.05,PG,espn
6428,MarShon Brooks,,,0.02,SG,
6429,Alec Burks,402.0,402.0,0.03,SG,espn
6430,Jimmy Butler III,207.0,207.0,56.09,"SG,SF",espn
6431,Norris Cole,,,,PG,
4667742,Sir'Dominic Pointer,,,,,
6432,Jon Diebler,,,,SG,
6433,Kenneth Faried,,,,PF,
4667740,Jordan Mcrae,,,,,
6434,Jimmer Fredette,,,,SG,
5110117,Babacar Sane,,,,,
6435,Andrew Goudelock,,,,PG,
6436,Jordan Hamilton,,,,SG,
6437,Adam Hanga,,,,SG,
2488650,Andre Dawkins,,,,SG,
5175647,Hugo Gonzalez,262.0,262.0,0.87,SF,espn
6438,Justin Harper,,,,SF,
6439,Josh Harrellson,,,,C,
2595142,Trey Freeman,,,,SG,
6440,Tobias Harris,106.0,106.0,60.73,"SF,PF",espn
6441,Tyler Honeycutt,,,,SF,
5175643,Egor Demin,127.0,127.0,34.55,"PG,SG",espn
6442,Kyrie Irving,54.0,54.0,85.64,PG,espn
6443,Reggie Jackson,,,0.02,PG,
6444,Charles Jenkins,,,,PG,
6445,JaJuan Johnson,,,,PF,
6446,Cory Joseph,,,0.01,PG,
6447,Enes Freedom,,,,C,
6448,Brandon Knight,,,,PG,
6449,Malcolm Lee,,,,SG,
4397424,Neemias Queta,129.0,129.0,21.33,C,espn
6450,Kawhi Leonard,32.0,32.0,97.19,"SF,PF",espn
6451,Travis Leslie,,,,SG,
6452,Jon Leuer,,,,PF,
6453,DeAndre Liggins,,,,SF,
6454,Shelvin Mack,,,,PG,
6455,Vernon Macklin,,,,PF,
6456,Milan Macvan,,,,PF,
4397433,Bryce Hamilton,,,,,
6457,Chukwudiebere Maduabum,,,,PF,
6458,Ater Majok,,,,PF,
6459,Nikola Mirotic,,,,PF,
6460,E'Twaun Moore,,,,SG,
6461,Markieff Morris,,,0.01,PF,
6462,Marcus Morris Sr.,,,,PF,
6463,Darius Morris,,,,PG,
6464,Donatas Motiejunas,,,,PF,
6465,Tanguy Ngombo,,,,PF,
6466,Chandler Parsons,,,,SF,
6467,Josh Selby,,,,PG,
6468,Iman Shumpert,,,,SF,
6469,Kyle Singler,,,,SF,
6470,Chris Singleton,,,,SF,
6471,Nolan Smith,,,,SG,
4397450,Darius Brown,,,,,
6472,Isaiah Thomas,,,,PG,
2234666,Jonathan Gibson,,,,PG,
4397449,Elijah Harkless,,,0.01,SG,
6473,Trey Thompkins,,,,PF,
6474,Tristan Thompson,,,0.03,C,
6475,Klay Thompson,233.0,233.0,17.84,"SG,SF",espn
6476,Jeremy Tyler,,,,C,
6477,Jonas Valanciunas,403.0,403.0,0.46,C,espn
6478,Nikola Vucevic,101.0,101.0,77.73,C,espn
2488689,Sean Kilpatrick,,,0.02,SG,
6479,Kemba Walker,,,,PG,
2488684,Erick Green,,,,PG,
6480,Derrick Williams,,,,PF,
6481,Jordan  Williams,,,,PF,
6482,Chris Daniels,,,,C,
5101845,Jayden Quaintance,,,0.75,"PF,C",
6483,Justin Dentmon,,,,PG,
6484,Carldell Johnson,,,,SG,
6485,Lance Thomas,,,0.02,PF,
6486,Jarrid Jerome Famous,,,,PF,
6487,Gary Flowers,,,,PF,
6488,Charles Garcia,,,,PF,
6489,Devin Gibson,,,,PG,
6490,Terrel Harris,,,,SG,
2488693,Alex Oriakhi,,,,SF,
6491,Frank Hassell,,,,PF,
6492,Lawrence Hill,,,,SF,
4593954,Mark Ogden Jr.,,,,,
6493,Tyren Johnson,,,,SF,
2488706,Peyton Siva,,,,PG,
6494,Cameron Jones,,,,SG,
6495,Darnell Lazare,,,,PF,
6496,Adrian Oliver,,,,SG,
6497,Jeremy Pargo,,,,PG,
6498,J.P. Prince,,,,SG,
2488701,Jerrelle Benimon,,,,PF,
6499,Xavier Silas,,,,SG,
6500,Jeremy Wise,,,,PG,
2595209,Damion Lee,,,0.01,SF,
6501,Chris Wright,,,,PF,
6502,Luke Zeller,,,,C,
2488713,Jack Cooley,,,,PF,
4397347,Liam Robbins,,,0.02,C,
6503,Dwight Buycks,,,0.03,PG,
6504,Jeremy Hazell,,,,SG,
6505,Drew Neitzel,,,,PG,
6506,Zach Graham,,,,SG,
6507,Brad Wanamaker,,,0.03,PG,
6508,Paul Carter,,,,SF,
6509,Omar Samhan,,,,C,
6510,Damian Saunders,,,,PF,
6511,Malcolm Thomas,,,,PF,
6512,Jerome Randle,,,,PG,
2488651,Ryan Kelly,,,,SF,
6513,Scottie Reynolds,,,,PG,
6514,Gilbert Brown,,,,SG,
2488653,Mason Plumlee,404.0,404.0,0.1,C,espn
6515,Kyle Goldcamp,,,,PF,
6516,Julian Khazzouh,,,,PF,
6517,Tommy Mitchell,,,,SG,
6518,Edwin Ubiles,,,,SG,
3914075,Xavier Moon,,,0.01,PG,
2488660,Glen Rice Jr.,,,,SF,
6521,Moses Ehambe,,,,SG,
6523,Mychel Thompson,,,,PF,
6525,Kenny Hayes,,,,PG,
2488674,Travis Wear,,,,SF,
4290878,Danuel House,,,,SF,
6526,Walker Russell,,,,PG,
2488673,David Wear,,,,PF,
4397371,Nate Mensah,,,0.01,C,
6527,Dennis Horner,,,,PF,
6528,Jerry Smith,,,,SG,
2988387,Charles Cooke,,,0.02,SG,
6529,Billy White,,,,PF,
6530,Greg Smith,,,,C,
2488669,Durand Scott,,,,SG,
6531,Marcus Lewis,,,,PF,
6532,Anthony Goods,,,,SG,
2488679,Josh Davis,,,,SF,
6534,Ivan Johnson,,,,PF,
2595175,Aaron White,,,0.04,SF,
6535,Durrell Summers,,,,SG,
6536,Ismail Muhammad,,,,SF,
2488675,Richard Howell,,,,PF,
2488678,Scott Wood,,,,SG,
2488677,Jordan Vandenberg,,,,C,
6539,Zach Andrews,,,,PF,
6541,Courtney Fortson,,,,PG,
4307405,Rashad Vaughn,,,,SF,
6543,Julyan Stone,,,,SG,
6544,Cory Higgins,,,,SG,
6546,Gustavo Ayon,,,,PF,
2488749,James Southerland,,,,PF,
3078576,Derrick White,35.0,35.0,94.63,"PG,SG",espn
6555,Eric Dawson,,,,PF,
4397537,Taevion Kinsey,,,,,
2595274,Adonis Thomas,,,,SG,
4635112,Demarre Carroll,,,,,
6569,Alan Anderson,,,,SF,
4684272,Ja'Kobe Walter,256.0,256.0,0.6,SG,espn
6574,D.J. Kennedy,,,,SG,
2488721,Lamar Patterson,,,0.02,SG,
2488716,Junior Cadougan,,,,SG,
4397554,Markquis Nowell,,,,,
6576,Quincy Acy,,,,PF,
2595213,Travis Trice,,,,PG,
4684269,Kylan Boswell,,,,,
6577,Furkan Aldemir,,,,PF,
6578,Harrison Barnes,251.0,251.0,1.07,"SF,PF",espn
2595211,Branden Dawson,,,0.01,SF,
6579,Will Barton,,,,SF,
6580,Bradley Beal,187.0,187.0,2.95,"SG,SF",espn
4897262,Will Richard,,,0.16,"SG,SF",
6581,Jae Crowder,,,0.02,PF,
6582,Jared Cunningham,,,,SG,
2595223,Quincy Ford,,,,SG,
6583,Anthony Davis,29.0,29.0,98.39,"PF,C",espn
6584,Marcus Denmon,,,,SG,
6585,Andre Drummond,253.0,253.0,1.39,C,espn
2488726,Kadeem Batts,,,,PF,
6586,Kim English,,,,SG,
2488725,Talib Zanna,,,,PF,
2496916,Davion Berry,,,,SG,
4684275,Rob Dillingham,264.0,264.0,0.76,PG,espn
6587,Festus Ezeli,,,,C,
6588,Evan Fournier,,,,SG,
6589,Draymond Green,148.0,148.0,40.44,"PF,C",espn
6590,Justin Hamilton,,,,C,
2595231,Treveon Graham,,,0.01,SF,
6591,Maurice Harkless,,,,SF,
4397570,Jaylen Sims,,,,,
4684286,Maxwell Lewis,,,0.01,SF,
6592,John Henson,,,,C,
2595229,Briante Weber,,,0.02,PG,
6593,Bernard James,,,,C,
6594,John Jenkins,,,,SG,
6595,Orlando Johnson,,,,SG,
6596,Darius Johnson-Odom,,,,SG,
6597,Terrence Jones,,,,PF,
6598,Perry Jones,,,,SF,
6599,Kris Joseph,,,,SF,
6600,Ilkan Karaman,,,,PF,
6601,Michael Kidd-Gilchrist,,,,SF,
6602,Ognjen Kuzmic,,,,C,
2488741,Justin Brownlee,,,,PF,
6603,Jeremy Lamb,,,,SG,
6604,Doron Lamb,,,,SG,
6605,Meyers Leonard,,,,C,
6606,Damian Lillard,61.0,61.0,85.21,PG,espn
6607,Kendall Marshall,,,,PG,
6608,Fab Melo,,,,C,
6609,Khris Middleton,267.0,267.0,0.78,"SF,PF",espn
6610,Darius Miller,,,,SF,
6611,Quincy Miller,,,,SF,
6612,Arnett Moultrie,,,,PF,
2488823,Jordan Henriquez,,,,PF,
6613,Kevin Murphy,,,,SG,
2488826,Rodney McGruder,,,0.01,SG,
6614,Andrew Nicholson,,,,PF,
6615,Kyle O'Quinn,,,,C,
6616,Miles Plumlee,,,,C,
4397465,Keandre Cook,,,,,
6617,Austin Rivers,,,,SG,
6618,Thomas Robinson,,,,PF,
6619,Terrence Ross,,,,SG,
6620,Robert Sacre,,,,C,
6621,Tomas Satoransky,,,,PG,
6622,Mike Scott,,,,PF,
6623,Tornike Shengelia,,,,PF,
6624,Jared Sullinger,,,,C,
6625,Tyshawn  Taylor,,,,PG,
6626,Marquis Teague,,,,PG,
6627,Izzet Turkyilmaz,,,,C,
6628,Dion Waiters,,,,SG,
6629,Royce White,,,,PF,
6630,Tony Wroten,,,,PG,
2202117,Arinze Onuaku,,,,PF,
2595335,Ike Nwamu,,,,,
4397475,AJ Green,243.0,243.0,0.8,SG,espn
6631,Tyler Zeller,,,,C,
2488836,Bubu Palo,,,,,
6632,Tomislav Zubcic,,,,SF,
6633,Robbie John Hummel,,,,SF,
6634,Hollis Thompson,,,0.02,SF,
6635,Chris Copeland,,,,SF,
5175737,Yaxel Lendeborg,171.0,171.0,31.96,"SF,PF",espn
6636,Slava Kravtsov,,,,C,
6637,Kent Bazemore,,,0.02,SG,
4684208,Brooks Barnhizer,,,0.03,SF,
6638,Maalik Wayns,,,,PG,
6639,Chris  Smith,,,,SG,
6640,Micheal Eric,,,,PF,
6641,Brian Roberts,,,,PG,
6642,Reeves Nelson,,,,SF,
6643,Greg Somogyi,,,,C,
4897197,Augustas Marciulionis,,,,,
6644,Scott Machado,,,,PG,
6645,Oscar Bellfield,,,,PG,
6646,John Shurna,,,,SF,
6647,Henry Sims,,,,C,
6648,Carleton Scott,,,,SF,
6649,Steven Gray,,,,SG,
6650,Carlon Brown,,,,PG,
3946974,Devontae Cacok,,,0.01,C,
6651,Kyle Fogg,,,,SG,
6652,Lance Goulbourne,,,,PG,
6653,Rick Jackson,,,,PF,
6654,Demetri McCamey,,,,PG,
6655,Ronnie Aguilar,,,,C,
3152335,Keljin Blevins,,,0.01,SF,
6656,Josh Akognon,,,,PG,
6657,Ben Hansbrough,,,,PG,
6658,Tu Holloway,,,,PG,
6659,Devin Searcy,,,,PF,
6660,Ryan Allen,,,,SG,
6661,Vance Cooksey,,,,PG,
6662,Michael Dunigan,,,,PF,
6663,Diante Garrett,,,,PG,
6664,Stefhon Hannah,,,,PG,
6665,Dominique Morrison,,,,SF,
6666,Chris Wright,,,,PG,
4397511,Javon Freeman-Liberty,,,0.02,PG,
4774484,D.J. Augustin,,,,,
4397650,Andrew Funk,,,,,
3947078,Tyler Davis,,,0.02,C,
4397654,Adam Flagler,,,0.01,SG,
3947073,DJ Hogg,,,,,
4774480,D.J. Wilson,,,,,
2284093,Marcus Simmons,,,,SG,
4594268,Anthony Edwards,8.0,8.0,99.9,"SG,SF",espn
2284101,Justin Holiday,,,0.01,SG,
3914285,Drew Eubanks,405.0,405.0,0.05,C,espn
2595399,Wesley Saunders,,,,SG,
3914283,Chimezie Metu,,,,PF,
4397667,Filip Petrusev,,,,C,
4897397,Wooga Poplar,,,,,
2284046,Omari Johnson,,,,PF,
2284049,Josh Owens,,,,PF,
3914282,Bennie Boatwright,,,,,
4708972,Jazian Gortman,,,0.01,PG,
2488845,Cory Jefferson,,,,PF,
3914279,Nate Sestina,,,,,
4397689,Drew Peterson,,,0.03,SF,
4397688,Trey Murphy III,64.0,64.0,84.74,"SG,SF",espn
4397693,Kessler Edwards,,,0.01,SF,
2595367,Vashil Fernandez,,,,C,
4897404,Igor Milicic Jr.,,,,,
2488945,Tim Frazier,,,0.03,PG,
5184021,Kyle Mangas,,,,,
5241365,Mitch Mascari,,,,,
5241364,Bennett Stirtz,,,0.33,PG,
2595435,Abdel Nader,,,,SF,
5184018,Maozinha Pereira,,,,,
5184016,Malique Lewis,,,0.02,SF,
3037805,Axel Toupane,,,0.01,SG,
4438552,Onuralp Bitim,,,0.01,SF,
3037804,Janis Timma,,,,SF,
4397602,Chase Audige,,,,,
2488958,Solomon Hill,,,,SF,
2488969,Trent Lockett,,,,SG,
2488911,Brandon Paul,,,,SG,
3938916,Malik Ellison,,,,,
2488919,Christian Watford,,,,PF,
2488936,Rodney Williams,,,,SG,
2488938,Reggie Hearn,,,,SG,
2488937,Drew Crawford,,,,SG,
3037792,Louis Labeyrie,,,0.01,PF,
3037789,Bogdan Bogdanovic,273.0,273.0,0.45,"SG,SF",espn
5159486,Yongxi Cui,,,0.02,SG,
2488934,Justin Cobbs,,,,PG,
2489010,Tony Mitchell,,,,PF,
3136183,Yante Maten,,,0.01,PF,
4913881,Tyler Johnson,,,,,
2489006,Xavier Thames,,,,SG,
2489005,Brock Motum,,,,SF,
2489017,Kenny Gabriel,,,,,
4397784,Malachi Smith,,,,,
2595516,Norman Powell,65.0,65.0,79.07,"SG,SF",espn
3136196,Trey Lyles,286.0,286.0,0.19,PF,espn
2489021,Erik Jay Murphy,,,,PF,
3136195,Karl-Anthony Towns,22.0,22.0,99.85,C,espn
3136194,Tyler Ulis,,,,PG,
3136193,Devin Booker,18.0,18.0,99.74,"PG,SG",espn
4913884,Jeff Dowtin,,,,,
2529988,Shawn Jones,,,,PF,
4897504,Wyatt Fricks,,,,,
2488976,E.J. Singler,,,,PF,
2488977,Jamil Wilson,,,0.06,PF,
4397821,Nate Williams,,,0.05,SG,
2595486,Michale Kyser,,,,PF,
3947156,Mamadi Diakite,,,0.02,PF,
5167876,Tyler Smith,,,0.01,SF,
2488999,CJ Wilcox,,,,SG,
2488997,Abdul Gaddy,,,,PF,
4700818,Vladislav Goldin,,,0.04,C,
2595563,Levi Randolph,,,,SG,
2595576,Thomas Walkup,,,,SG,
4594327,Keegan Murray,113.0,113.0,52.35,"SF,PF",espn
4594326,Kris Murray,291.0,291.0,0.11,PF,espn
4897449,Malevy Leons,,,,,
4684443,Rafael Castro,,,,C,
4897438,Trey Kaufman-Renn,,,0.02,PF,
2595592,Jordan Loyd,,,0.01,PG,
4397732,Antoine Davis,,,,,
4610728,Jeremiah Martin,,,,,
4700852,Chaz Lanier,,,0.04,SG,
2489045,Ramon Galloway,,,,SG,
4397751,Keshawn Justice,,,,,
2595561,Trevor Lacey,,,,,
4700873,Toby Okani,,,,,
4897471,Saint Thomas,,,,,
2579258,Cody Zeller,,,,C,
3660615,Steve Nash,,,,SF,
2579254,Nnanna Egwu,,,,C,
2579251,Myke Henry,,,0.01,SF,
3734324,Elliot Williams,,,,PF,
4397916,Jason Preston,,,,PG,
2579260,Trey Burke,,,,PG,
3734317,Steve Nash,,,,PF,
4701031,Jordan Hall,,,,,
4397935,Devonte Patterson,,,,,
2579234,Keith Hornsby,,,,SG,
4684682,Jonas Aidoo,,,,C,
4873090,Labaron Philon Jr.,,,1.75,"PG,SG",
2579236,Jaleel Roberts,,,,C,
4709138,Brandin Podziemski,74.0,74.0,46.36,"PG,SG",espn
4709131,Sean Pedulla,,,,,
2579321,James Ennis III,,,,SF,
3079021,James Webb III,,,0.05,PF,
4348697,Isaac Bonga,,,,SF,
4348696,Dzanan Musa,,,,SF,
4348701,Issuf Sanon,,,0.01,PG,
4348700,Goga Bitadze,265.0,265.0,0.35,C,espn
2579326,Alan Williams,,,0.04,PF,
4348710,Vanja Marinkovic,,,,SG,
2308999,Tim Ohlbrecht,,,,C,
2579280,Sam Thompson,,,,SF,
2579279,Jordan Sibert,,,0.01,SG,
2579278,Shannon Scott,,,,PG,
4397882,Tolu Smith,,,0.02,PF,
2579285,Trey Lewis,,,,,
4397886,Charles Bassey,345.0,345.0,0.15,C,espn
4397885,Dalano Banton,406.0,406.0,0.07,PG,espn
2579294,Frank Kaminsky,,,,C,
2579293,Jarrod Uthoff,,,0.01,PF,
4807485,Freddie Gillespie,,,,,
4348743,Todd Withers,,,,,
4398029,Dwight Murray Jr.,,,,,
5159895,Yuki Kawamura,,,0.2,PG,
2595758,Will Cummings,,,,PG,
5061589,Yves Missi,176.0,176.0,2.64,C,espn
2595769,Andrew Andrews,,,,SG,
3062704,Jeremy Senglin,,,,SG,
5061585,Isaiah Evans,,,0.46,SG,
3873716,Vander Blue,,,,SG,
2530240,Stephen Holt,,,,SG,
5061603,Thomas Sorber,,,0.19,C,
3062679,Josh Hart,93.0,93.0,85.1,"SG,SF",espn
5159925,Nikola Topic,,,0.24,PG,
4684793,Kyle Filipowski,149.0,149.0,7.2,"PF,C",espn
4873201,Asa Newell,304.0,304.0,0.28,PF,espn
3062667,DeAndre' Bembry,,,,SF,
4848625,Dailyn Swain,,,0.38,SF,
4684806,Taylor Hendricks,,,0.19,PF,
3914639,Rob Edwards,,,,,
2325490,DeQuan Jones,,,,SG,
2325495,Larry Drew II,,,0.02,SG,
3136491,D.J. Wilson,,,,PF,
2579458,Marcus Thornton,,,0.02,SG,
3062794,T.J. Williams,,,,PG,
2325499,C.J. Williams,,,0.06,SF,
2579466,Jonathon Simmons,,,0.01,SF,
4897696,Jamarion Sharp,,,,C,
3062744,David Nwaba,,,0.01,SG,
3136469,Ben Bentil,,,0.02,PF,
4397999,Cameron Parker,,,,,
2325462,Olek Czyz,,,,PF,
4684729,Judah Mintz,,,,,
4873138,Ace Bailey,138.0,138.0,32.43,"SF,PF",espn
4684737,Jaylen Martin,,,,,
5061575,Kon Knueppel,38.0,38.0,90.39,"SG,SF",espn
3906522,Henry Ellenson,,,,PF,
3136485,Edmond Sumner,,,,SG,
3136483,J.P. Macura,,,0.02,SG,
5061568,Carter Bryant,,,1.64,SF,
3136481,Trevon Bluiett,,,0.01,SG,
3136479,Angel Delgado,,,0.03,C,
3136478,Desi Rodriguez,,,,,
4684742,Ausar Thompson,103.0,103.0,74.8,"SF,PF",espn
4873153,Morez Johnson Jr.,172.0,172.0,4.5,"PF,C",espn
2309097,Damjan Rudez,,,0.01,SF,
3136477,Isaiah Whitehead,,,,PG,
4684740,Amen Thompson,17.0,17.0,99.55,"SG,SF",espn
2530276,Tyler Johnson,,,0.02,PG,
3062842,Paris Bass,,,,,
3046453,Vitor Faverani,,,,C,
4291678,Haywood Highsmith,,,0.02,SF,
5176420,Hayden Gray,,,,,
3079234,Denzel Livingston,,,,PG,
4914267,Denzel Valentine,,,,,
3906603,Chris Clemons,,,0.01,PG,
3062798,Daniel Dixon,,,,SG,
2579476,Jalen Jones,,,0.01,SF,
2530334,Deonte Burton,,,,PG,
4398207,Jalen Slawson,,,0.03,SF,
4611210,Jeremiah Martin,,,,,
3906571,Isaiah Pineiro,,,,,
2579492,Julian Washburn,,,0.03,SF,
3136539,JaKeenan Gant,,,,,
3062897,Alec Peters,,,0.01,PF,
4701208,Moussa Cisse,,,0.04,C,
3906683,Jon Davis,,,,,
3062892,Kay Felder,,,0.01,PG,
2489468,Khalif Wyatt,,,,SG,
2489479,Luke Hancock,,,,SG,
4701225,PJ Hall,,,0.02,PF,
3906671,Caleb Swanigan,,,,PF,
4701234,Ricky Council IV,,,0.01,SG,
4701233,Craig Porter Jr.,,,0.08,"PG,SG",
4701232,Mark Williams,314.0,314.0,29.22,C,espn
4701231,DJ Steward,,,0.01,PG,
4701230,Jalen Johnson,6.0,6.0,98.71,PF,espn
3906665,Brandon Clarke,407.0,407.0,,PF,espn
4701228,Christian Shumate,,,,,
2489441,Sampson Carter,,,,PF,
2333797,Jeff Withey,,,,C,
2489443,Raphiael Putney,,,,,
2284647,Richard McConnell,,,,SG,
2489446,Akeem Richmond,,,,SG,
5258459,Ebuka Okorie,,,0.55,"SG,PG",
3136696,Wade Baldwin IV,,,,PG,
4898010,Jaylin Sellers,,,,,
2489530,Troy Daniels,,,0.02,SG,
4406489,Adonis Arms,,,,,
3136700,Jeff Roberson,,,,,
4725995,Sindarius Thornwell,,,,,
5323934,Hank Morgan,,,,,
4897943,Dalton Knecht,331.0,331.0,0.48,"SG,SF",espn
4398233,Angelo Allegri,,,,,
3136747,Scottie Lindsey,,,,,
3136777,Jae'Sean Tate,337.0,337.0,0.1,SF,espn
3136776,D'Angelo Russell,307.0,307.0,23.42,"PG,SG",espn
4914336,Shaedon Sharpe,323.0,323.0,32.89,"SG,SF",espn
4398257,Jake Stephens,,,,C,
3906786,Dylan Windler,,,,SF,
3136746,Vic Law,,,,,
2530530,T.J. McConnell,162.0,162.0,29.85,PG,espn
3947736,Caleb Homesley,,,,SG,
2489563,DJ Stephens,,,0.03,SG,
2489572,Arsalan Kazemi,,,,SF,
2579684,Nick Zeisloft,,,,SG,
2489664,David Stockton,,,0.02,PG,
2489663,Kelly Olynyk,408.0,408.0,0.19,C,espn
3923253,Chris Silva,,,0.01,PF,
2489660,Elias Harris,,,,PF,
2596158,Shane Larkin,,,0.02,PG,
3923250,PJ Dozier,,,0.01,PG,
2596112,Javonte Green,,,0.05,SF,
2489617,Jeff Ledbetter,,,,,
2596110,Rakeem Christmas,,,0.03,PF,
2530574,Ronald Roberts Jr.,,,,PF,
2596108,Michael Carter-Williams,,,,PG,
2530572,Langston Galloway,,,0.02,SG,
2596107,Alex Len,,,0.02,C,
4603244,Juwan Morgan,,,,,
2530584,Tu Holloway,,,,SG,
3136779,Keita Bates-Diop,,,,SF,
3153165,Chris McCullough,,,0.02,PF,
4291971,Erik Mccree,,,,SF,
2530596,Andre Roberson,,,,SG,
4398348,KJ Williams,,,,,
3161472,Sebastian Telfair,,,,SF,
2530682,Melvin Ejim,,,,PF,
4398356,Gabe McGlothan,,,,,
2489716,Matthew Dellavedova,,,0.03,PG,
4398390,Jalen Pickett,340.0,340.0,0.11,"PG,SG",espn
4349241,Adam Mokoka,,,0.01,SG,
2489693,Ryan Broekhoff,,,0.04,SG,
