athlete_id,display_name,dob,key,personId,draftYear,draftRound,draftNumber
1008,Ken Johnson,1978-02-01,ken johnson,2256,2001.0,2.0,48.0
1972,Ken Johnson,1978-02-01,ken johnson,2256,2001.0,2.0,48.0
1011,Raul Lopez,1980-04-15,raul lopez,2221,2001.0,1.0,24.0
1011,Raul Lopez,1980-04-15,raul lopez,42557,-1.0,-1.0,-1.0
2409,Donta Smith,1983-11-27,donta smith,2764,2004.0,2.0,34.0
2409,Donta Smith,1983-11-27,donta smith,42572,-1.0,-1.0,-1.0
2990,Josh Boone,1984-11-21,josh boone,200767,2006.0,1.0,23.0
2990,Josh Boone,1984-11-21,josh boone,51956,-1.0,-1.0,-1.0
3191,Corey Brewer,1986-03-05,corey brewer,201147,2007.0,1.0,7.0
4261,Ekpe Udoh,1987-05-20,ekpe udoh,1962937116,-1.0,-1.0,-1.0
4261,Ekpe Udoh,1987-05-20,ekpe udoh,202327,2010.0,1.0,6.0
4272,Derrick Caracter,1988-05-04,derrick caracter,202382,2010.0,2.0,58.0
4272,Derrick Caracter,1988-05-04,derrick caracter,43220,-1.0,-1.0,-1.0
4011,Ricky Rubio,1990-10-21,ricky rubio,201937,2009.0,1.0,5.0
4011,Ricky Rubio,1990-10-21,ricky rubio,8013,-1.0,-1.0,-1.0
3964,Patrick Beverley,1988-07-12,patrick beverley,201976,2009.0,2.0,42.0
3964,Patrick Beverley,1988-07-12,patrick beverley,267633,-1.0,-1.0,-1.0
4218,Gal Mekel,1988-03-04,gal mekel,203539,-1.0,-1.0,-1.0
4218,Gal Mekel,1988-03-04,gal mekel,41621,-1.0,-1.0,-1.0
2490589,Isaiah Canaan,1991-05-21,isaiah canaan,203477,2013.0,2.0,34.0
3593,Bojan Bogdanovic,1989-04-18,bojan bogdanovic,1962936525,-1.0,-1.0,-1.0
3593,Bojan Bogdanovic,1989-04-18,bojan bogdanovic,202711,2011.0,2.0,31.0
6459,Nikola Mirotic,1991-02-11,nikola mirotic,202703,2011.0,1.0,23.0
6459,Nikola Mirotic,1991-02-11,nikola mirotic,56051,-1.0,-1.0,-1.0
4269,Nemanja Bjelica,1988-05-09,nemanja bjelica,11505,-1.0,-1.0,-1.0
4269,Nemanja Bjelica,1988-05-09,nemanja bjelica,202357,2010.0,2.0,35.0
4376,Boban Marjanovic,1988-08-15,boban marjanovic,1626246,-1.0,-1.0,-1.0
4376,Boban Marjanovic,1988-08-15,boban marjanovic,9007,-1.0,-1.0,-1.0
2995706,Mario Hezonja,1995-02-25,mario hezonja,1626209,2015.0,1.0,5.0
2995706,Mario Hezonja,1995-02-25,mario hezonja,56024,-1.0,-1.0,-1.0
3113587,Cristiano Felicio,1992-07-07,cristiano felicio,1626245,-1.0,-1.0,-1.0
3113587,Cristiano Felicio,1992-07-07,cristiano felicio,43219,-1.0,-1.0,-1.0
2968338,Nicolas Laprovittola,1990-01-31,nicolas laprovittola,1627879,-1.0,-1.0,-1.0
2968338,Nicolas Laprovittola,1990-01-31,nicolas laprovittola,43213,-1.0,-1.0,-1.0
3059316,Wayne Selden,1994-09-30,wayne selden,1627782,2016.0,,
4192,Milos Teodosic,1987-03-19,milos teodosic,1628462,-1.0,-1.0,-1.0
4192,Milos Teodosic,1987-03-19,milos teodosic,267634,-1.0,-1.0,-1.0
3037789,Bogdan Bogdanovic,1992-08-18,bogdan bogdanovic,1962937117,-1.0,-1.0,-1.0
3037789,Bogdan Bogdanovic,1992-08-18,bogdan bogdanovic,203992,2014.0,1.0,27.0
3945274,Luka Doncic,1999-02-28,luka doncic,1629029,2018.0,1.0,3.0
3945274,Luka Doncic,1999-02-28,luka doncic,1962937071,-1.0,-1.0,-1.0
3945274,Luka Doncic,1999-02-28,luka doncic,1962937441,-1.0,-1.0,-1.0
4066243,Daryl Macon,1995-11-29,daryl macon,1629133,2018.0,,
4412182,Isaiah Canaan,1991-05-21,isaiah canaan,203477,2013.0,2.0,34.0
4415554,Corey Brewer,1986-03-05,corey brewer,201147,2007.0,1.0,7.0
4341,Nicolo Melli,1991-01-26,nicolo melli,1629740,-1.0,-1.0,-1.0
4341,Nicolo Melli,1991-01-26,nicolo melli,6006,-1.0,-1.0,-1.0
4610145,Daryl Macon,1995-11-29,daryl macon,1629133,2018.0,,
3929321,Gabriel Deck,1995-02-08,gabriel deck,1630466,-1.0,-1.0,-1.0
3929321,Gabriel Deck,1995-02-08,gabriel deck,52607,-1.0,-1.0,-1.0
4711005,Trevon Scott,1996-11-25,trevon scott,1630286,-1.0,-1.0,-1.0
4895499,Wayne Selden,1994-09-30,wayne selden,1627782,2016.0,,
3934620,Trevon Scott,1996-11-25,trevon scott,1630286,-1.0,-1.0,-1.0
