athlete_id,name,team,status,severity,body_part,detail,return_date,reported,comment,source
3934673,Donte DiVincenzo,MIN,Out,4,Achilles,Surgery,2027-04-01,2026-04-26T17:52Z,DiVincenzo will undergo surgery Sunday to repair a ruptured right Achilles tendon that he suffered during the Timberwolves Game 4 win over the Nuggets on Saturday.,espn
5105571,Henri Veesaar,ATL,Out,4,Knee,,2027-07-01,2026-09-21T19:50Z,"Veesaar was diagnosed with a torn right ACL and is expected to miss the 2026-27 season, the Hawks announced Monday.",espn
4606840,Jamir Watkins,WSH,Out,4,Knee,,2027-04-01,2026-07-30T20:11Z,The Wizards announced Thursday that Watkins has undergone surgery for a torn ACL.,espn
5101845,Jayden Quaintance,SA,Out,4,Knee,Surgery,2026-12-01,2026-07-19T12:33Z,"Quaintance underwent right knee surgery Wednesday and has no timetable for a return, Brett Siegel of ClutchPoints.com reports.",espn
6430,Jimmy Butler III,GS,Out,4,Knee,Surgery,2026-12-01,2026-08-24T15:23Z,"Butler (knee) is still in the relatively early stages of his recovery and has only recently begun getting back on the court, according to Danny Emerman of SFStandard.com.",espn
5157066,Johnny Furphy,IND,Out,4,Knee,Surgery,2027-01-01,2026-02-09T21:43Z,"Furphy was diagnosed with a torn right ACL on Monday and will miss the remainder of the season, Michael Scotto of USA Today reports.",espn
4396818,Jordan Miller,LAC,Out,4,Shoulder,Surgery,2027-03-01,2026-08-26T20:04Z,"Miller underwent surgery Wednesday to repair a torn left rotator cuff and will be re-evaluated in six months, per Law Murray of The Athletic.",espn
4701232,Mark Williams,PHX,Out,4,Shoulder,Surgery,2027-02-01,2026-09-11T16:03Z,"Williams underwent surgery Thursday to repair a torn labrum in his left shoulder and will miss an extended period of time, Shams Charania of ESPN reports.",espn
4432171,Moses Moody,GS,Out,4,Knee,Surgery,2026-12-01,2026-03-24T20:48Z,"Moody has been diagnosed with a torn patellar tendon in his left knee, Shams Charania of ESPN reports.",espn
5105462,Richie Saunders,MEM,Out,4,Knee,Surgery,2026-12-01,2026-06-25T00:34Z,Saunders was selected by the Grizzlies with the No. 32 overall pick in the 2026 NBA Draft.,espn
4914336,Shaedon Sharpe,POR,Out,4,Knee,Surgery,2027-03-01,2026-08-24T20:23Z,"Sharpe suffered a torn meniscus in his knee and is expected to miss six months, per Shams Charania of ESPN.",espn
5105637,Adem Bona,PHI,Day-To-Day,1,Foot,Sprain,2026-10-01,2026-09-17T20:15Z,"Bona (foot) will be re-evaluated at the start of training camp, Derek Bodner of AllPHLY.com reports.",espn
4900671,Ajay Mitchell,OKC,Day-To-Day,1,Calf,Strain,2026-10-01,2026-09-24T17:41Z,"Thunder general manager Sam Presti has mentioned Mitchell (calf) multiple times as a player who could take on more minutes and make a jump this season, according to Brandon Rahbar of Daily Thunder.",espn
5160992,Alex Sarr,WSH,Day-To-Day,1,Foot,Surgery,2026-10-01,2026-09-24T15:17Z,"Sarr will be a partial participant when training camp begins as he continues his recovery from surgery to repair a fractured right foot,Josh Robbins of The Athletic reports.",espn
4702656,Alijah Martin,TOR,Day-To-Day,1,Knee,Inflammation,2026-10-01,2026-07-19T22:30Z,"Martin (knee) won't play in Sunday's Summer League game against the Nuggets, Zulfi Sheikh of Sportsnet reports.",espn
6583,Anthony Davis,WSH,Day-To-Day,1,Finger,Sprain,2026-10-01,2026-09-24T17:25Z,"General manager Will Dawkins said during Thursday's press conference that Davis (finger) is ""very much a motivated player"" and that he expects the veteran big man to bounce back in 2026-27.",espn
4066261,Bam Adebayo,MIA,Day-To-Day,1,Back,Not Specified,2026-10-01,2026-07-28T16:16Z,"Adebayo's (back) fantasy outlook should remain strong after Miami acquired Giannis Antetokounmpo, though his offensive role could shift alongside another high-usage frontcourt star, Ira Winderman of the South Florida Sentinel opines.",espn
6580,Bradley Beal,LAC,Day-To-Day,1,Hip,Surgery,2026-10-01,2026-08-14T00:02Z,"Beal (hip) agreed to a two-year, $13.2 million contract with Los Angeles on Thursday, Shams Charania of ESPN reports.",espn
3913176,Brandon Ingram,LAC,Day-To-Day,1,Heel,Surgery,2026-10-01,2026-09-23T17:45Z,"Ingram had surgery on his foot/heel during the offseason, ESPN's Brian Windhorst reported Tuesday.",espn
4433287,Brandon Miller,CHA,Day-To-Day,1,Shoulder,Surgery,2026-10-01,2026-08-25T15:58Z,Miller (shoulder) provided an update on his rehab after surgery in comments to Roderick Boone of The Charlotte Observer on Tuesday.,espn
4576086,Bryce McGowens,NO,Day-To-Day,1,Toe,Fracture,2026-10-01,2026-06-16T14:36Z,McGowens (toe) is out for Sunday's game against the Timberwolves.,espn
4702602,CJ Huntley,PHX,Day-To-Day,1,Hamstring,Not Specified,2026-10-01,2026-07-19T02:49Z,"Huntley (hamstring) is out for Saturday's Las Vegas Summer League finale versus the Spurs, Duane Rankin of The Arizona Republic reports.",espn
4590360,Chucky Hepburn,TOR,Day-To-Day,1,Knee,,2026-10-01,2026-07-19T22:26Z,"Hepburn (knee) won't play in Sunday's Summer League game against the Nuggets, Zulfi Sheikh of Sportsnet reports.",espn
5093267,Collin Murray-Boyles,TOR,Day-To-Day,1,Finger,Sprain,2026-10-01,2026-07-19T22:24Z,"Murray-Boyles (finger) won't play in Sunday's Summer League game against the Nuggets, Zulfi Sheikh of sportsnet reports.",espn
4848625,Dailyn Swain,CHI,Day-To-Day,1,Wrist,,2026-10-01,2026-07-17T21:31Z,"Swain is out for Friday's Summer League game against the Cavaliers due to right wrist soreness, per K.C. Johnson of Chicago Sports Network.",espn
6606,Damian Lillard,POR,Day-To-Day,1,Achilles,Surgery,2026-10-01,2026-06-16T14:34Z,"Lillard (Achilles) defeated Devin Booker and Kon Knueppel in the final round of Saturday's 2026 State Farm 3-Point Contest, taking home his third title.",espn
4713010,David Jones Garcia,SA,Day-To-Day,1,Ankle,Surgery,2026-10-01,2026-07-22T19:16Z,"Jones Garcia (ankle) agreed to a two-way contract with the Spurs on Wednesday, per Michael Scotto of HoopsHype.com.",espn
4065732,De'Andre Hunter,SAC,Day-To-Day,1,Eye,Surgery,2026-10-01,2026-06-25T18:21Z,Hunter (eye) has a major competitor for usage after the Kings took Darius Acuff in the 2026 WNBA Draft.,espn
4683688,Dereck Lively II,DAL,Day-To-Day,1,Foot,Surgery,2026-10-09,2026-09-24T01:04Z,"Lively (foot) has not been cleared to participate in training camp yet and is slowly ramping up toward basketball activities, Tim MacMahon of ESPN.com reports.",espn
4066268,Duop Reath,PHX,Day-To-Day,1,Foot,Surgery,2026-10-01,2026-09-17T02:30Z,"Reath (foot) agreed to a one-year veteran minimum contract with the Suns on Wednesday, John Gambadoro of Arizona Sports 98.7 FM reports.",espn
4566434,Franz Wagner,ORL,Day-To-Day,1,Calf,Strain,2026-10-01,2026-09-02T16:17Z,Wagner (calf) did not participate in Germany's latest FIBA World Cup qualifying window as he focuses on preparing for the 2026-27 NBA season.,espn
3032977,Giannis Antetokounmpo,MIA,Day-To-Day,1,Knee,Bruise,2026-10-01,2026-09-02T16:32Z,Antetokounmpo (knee) did not participate in Greece's latest FIBA World Cup qualifying window as he focused on preparing for the 2026-27 NBA season.,espn
4222252,Isaiah Hartenstein,OKC,Day-To-Day,1,Ankle,,2026-10-01,2026-09-07T21:31Z,"Hartenstein (ankle) participated in an offseason workout with the Thunder on Monday, Clemente Almanza of USA Today reports.",espn
5107251,Izaiyah Nelson,ORL,Day-To-Day,1,Ankle,Surgery,2026-11-01,2026-07-13T14:40Z,"The Magic announced Monday that Nelson will undergo surgery to repair a fracture in his left ankle, and he's expected to return to basketball activities in 3-4 months.",espn
4279888,Ja Morant,POR,Day-To-Day,1,Elbow,Sprain,2026-10-01,2026-09-04T18:52Z,Morant is set to share the playmaking duties with Damian Lillard in Portland's starting backcourt after being traded from Memphis.,espn
3934672,Jalen Brunson,NY,Day-To-Day,1,Wrist,Surgery,2026-10-01,2026-09-18T21:18Z,"Brunson (wrist) is expected to be ready for training camp, ESPN's Vincent Goodwill reports.",espn
4593803,Jalen Williams,OKC,Day-To-Day,1,Hamstring,Strain,2026-10-01,2026-09-21T18:17Z,"Williams said he has ""enthusiasm"" for the 2026-27 season after dealing with injuries, according to Justin Martinez of the Thunder Wire.",espn
4277961,Jaren Jackson Jr.,UTAH,Day-To-Day,1,Knee,Surgery,2026-10-01,2026-09-10T00:41Z,"With Walker Kessler now in Los Angeles, Jackson (knee) figures to be an even more essential piece for the Jazz in 2026-27, per ESPN's Tim MacMahon.",espn
5112087,Jaylen Wells,MEM,Day-To-Day,1,Toe,Surgery,2026-10-01,2026-06-24T17:36Z,Wells (toe) should continue competing for rotation minutes on the wing despite Memphis adding Cameron Boozer with the No. 3 overall pick.,espn
4065654,Jonathan Isaac,ORL,Day-To-Day,1,Knee,Sprain,2026-10-01,2026-07-01T17:22Z,"Isaac (knee) will return to the Magic on a one-year deal, Jason Beede of the Orlando Sentinel reports.",espn
4871145,Josh Giddey,CHI,Day-To-Day,1,Ankle,Not Specified,2026-10-01,2026-06-24T18:04Z,Giddey (ankle) could benefit from the selections of Caleb Wilson and Dailyn Swain as well as Chicago's acquisition of Nic Claxton (finger) in 2026-27.,espn
5231919,Karim Lopez,MEM,Day-To-Day,1,Undisclosed,,2026-10-01,2026-07-20T00:57Z,"Lopez (undisclosed) is out for Sunday's Summer League championship game against the Warriors, Drew Hill of The Daily Memphian reports.",espn
4594327,Keegan Murray,SAC,Day-To-Day,1,Ankle,Sprain,2026-10-01,2026-07-31T15:26Z,"Murray (ankle) is projected to start at power forward for the Kings in 2026-27, according to Kings beat writer Chris Watkins.",espn
2581018,Kentavious Caldwell-Pope,PHI,Day-To-Day,1,Finger,Surgery,2026-10-01,2026-07-25T21:44Z,"Caldwell-Pope (finger) agreed to a buyout with the Grizzlies on Saturday and plans to sign a one-year, $3.9 million contract with the 76ers, Shams Charania of ESPN reports.",espn
4585618,Keshon Gilbert,ATL,Day-To-Day,1,Hip,,2026-10-01,2026-07-18T23:19Z,"Gilbert (hip) won't play in Saturday's Las Vegas Summer League game against the Wizards, Brad Rowland of the Locked On Podcast Network reports.",espn
4397140,Kevin Porter Jr.,MIL,Day-To-Day,1,Knee,Surgery,2026-10-01,2026-06-26T00:46Z,"Porter exercised his $5.39 million player option for the 2026-27 campaign Thursday, Michael Scotto of USA Today reports.",espn
6442,Kyrie Irving,DAL,Day-To-Day,1,Knee,Surgery,2026-10-01,2026-09-10T00:05Z,"Irving (knee) has been playing in pickup games this offseason in an effort to ramp up toward his return to the court in 2026-27, Tim MacMahon of ESPN reports.",espn
5289900,Mohamed Diawara,NY,Day-To-Day,1,Finger,,2026-10-01,2026-07-18T02:45Z,Diawara (finger) didn't play in Friday's 110-88 Summer League loss to the Mavericks.,espn
4712863,Mouhamed Gueye,ATL,Day-To-Day,1,Foot,Fracture,2026-10-15,2026-07-19T00:14Z,"Gueye underwent surgery Tuesday to repair a fractured left foot that he suffered during a workout last week, Brad Rowland of the Locked On Podcast Network reports.",espn
4431772,Myron Gardner,MIA,Day-To-Day,1,Ankle,Sprain,2026-10-01,2026-07-08T19:52Z,"Gardner (ankle) won't participate in the Las Vegas Summer League, per Ira Winderman of the South Florida Sun Sentinel.",espn
4432586,Nate Bittle,TOR,Day-To-Day,1,Lower Leg,,2026-10-01,2026-09-10T01:30Z,"Bittle (lower leg) was spotted in a walking boot Wednesday, Esfandiar Baraheni of The Athletic reports.",espn
5159925,Nikola Topic,OKC,Day-To-Day,1,Back,Surgery,2026-10-01,2026-09-24T16:01Z,"Topic (back) will be limited when training camp begins, Clemente Almanza of USA Today reports",espn
5279130,Nolan Traore,BKN,Day-To-Day,1,Knee,Surgery,2026-10-01,2026-06-30T13:28Z,"Brooklyn general manager Sean Marks announced Monday that Traore underwent right knee surgery and won't play in Summer League, C.J. Holmes of the New York Daily News reports.",espn
5106270,Otega Oweh,OKC,Day-To-Day,1,Lower Leg,Not Specified,2026-10-01,2026-07-19T22:56Z,Oweh (lower leg) didn't play in Sunday's 108-90 Summer League loss to the Nets.,espn
4701225,PJ Hall,CHA,Day-To-Day,1,Ankle,Surgery,2026-10-01,2026-06-16T14:32Z,The Hornets announced Thursday that Hall underwent a procedure to address a fractured right ankle and will miss the remainder of the 2025-26 campaign.,espn
4431941,RayJ Dennis,ATL,Day-To-Day,1,Achilles,Not Specified,2026-10-01,2026-07-18T23:18Z,"Dennis (Achilles) has been ruled out for Saturday's Summer League game against the Wizards, Brad Rowland of the Locked On Podcast Network reports.",espn
4684275,Rob Dillingham,CHI,Day-To-Day,1,Wrist,Surgery,2026-10-01,2026-06-16T14:30Z,"Dillingham recently underwent successful minor surgery to have a ganglion cyst removed from his right wrist, the Bulls announced Wednesday.",espn
5107157,Ryan Conwell,MIA,Day-To-Day,1,Hip,Not Specified,2026-10-01,2026-07-15T18:28Z,"Conwell (hip) won't play again during the Las Vegas Summer League, per Tim Reynolds of Associated Press.",espn
4593125,Santi Aldama,DAL,Day-To-Day,1,Knee,Surgery,2026-10-01,2026-08-19T17:24Z,"Aldama (knee) is expected to be ready in time for training camp, according to NBA reporter Marc Stein.",espn
4431785,Scotty Pippen Jr.,MEM,Day-To-Day,1,Toe,Surgery,2026-10-01,2026-07-27T18:26Z,Pippen (toe) has a chance to begin the new year as Memphis' starting point guard after Portland acquired Ja Morant in a trade with the Grizzlies earlier this offseason.,espn
2991235,Steven Adams,HOU,Day-To-Day,1,Ankle,Surgery,2026-10-01,2026-09-23T19:30Z,"Adams (ankle) didn't offer a return timetable Monday at media day, per Varun Shankar of the Houston Chronicle.",espn
5061603,Thomas Sorber,OKC,Day-To-Day,1,Knee,Surgery,2026-10-01,2026-09-24T16:04Z,"Sorber will be limited to begin training camp, Clemente Almanza of USA Today reports.",espn
4277905,Trae Young,WSH,Day-To-Day,1,Quadriceps,Bruise,2026-10-01,2026-09-21T18:19Z,"Young (quadriceps) has been doing sand-dune workouts during the offseason, and his trainer discussed the guard's outlook and leadership criticism Monday, Mark Medina of RG reports.",espn
4698719,Trevon Brazile,DEN,Day-To-Day,1,Undisclosed,,2026-10-01,2026-07-19T22:41Z,"Brazile is out for Sunday's Summer League finale for undisclosed reasons, Ryan Blackburn of MileHighSports.com reports.",espn
4432645,Trevor Keels,MIA,Day-To-Day,1,Knee,Sprain,2026-10-01,2026-07-18T02:56Z,Keels (knee) didn't play in Friday's 101-87 Summer League win over the Pistons.,espn
4433268,Trey Alexander,UTAH,Day-To-Day,1,Ribs,Bruise,2026-10-01,2026-07-17T19:29Z,"Alexander (rib) is out for Friday's Summer League game against Portland, per Ben Anderson of KSL News Salt Lake City.",espn
4896372,Walter Clayton Jr.,MEM,Day-To-Day,1,Knee,Sprain,2026-10-01,2026-07-20T01:00Z,"Clayton (knee) won't play in Sunday's Summer League title game against the Warriors, Drew Hill of The Daily Memphian reports.",espn
5108024,Yanic Konan Niederhauser,LAC,Day-To-Day,1,Foot,Surgery,2026-10-01,2026-06-16T14:38Z,"Niederhauser has been diagnosed with a Lisfranc injury in his right foot and will require surgery. He's been ruled out for the remainder of the 2025-26 season, Joey Linn of SI.com reports.",espn
4066650,Zach Collins,CHI,Day-To-Day,1,Toe,Surgery,2026-10-01,2026-07-01T02:31Z,"Collins (toe) agreed to a two-year, $17 million extension with Chicago on Tuesday, Shams Charania of ESPN reports.",espn
4600663,Zach Edey,MEM,Day-To-Day,1,Ankle,Surgery,2026-10-01,2026-06-24T17:01Z,"Edey's (ankle, elbow) role becomes more intriguing following Memphis' addition of Cameron Boozer.",espn
3064440,Zach LaVine,SAC,Day-To-Day,1,Hand,Surgery,2026-10-01,2026-06-29T14:02Z,"LaVine (hand) exercised his $49 million player option for 2026-27 on Monday, Shams Charania of ESPN reports.",espn
