target,stat,n,marcel,last_season,mean_per36
2005,pts,298.0,2.2465,2.4985,14.7868
2005,tpm,298.0,0.3844,0.3866,0.8753
2005,reb,298.0,0.8809,0.9769,6.1856
2005,ast,298.0,0.827,0.908,3.2656
2005,stl,298.0,0.2617,0.312,1.1133
2005,blk,298.0,0.2571,0.3087,0.7101
2005,fgm,298.0,0.8161,0.8952,5.4489
2005,fga,298.0,1.6383,1.8105,12.1258
2005,ftm,298.0,0.8555,0.9565,3.0137
2005,fta,298.0,1.0368,1.1718,3.9501
2005,tov,298.0,0.4105,0.7424,2.0609
2005,fg%,298.0,0.0345,0.0417,0.4494
2005,ft%,298.0,0.0528,0.0648,0.7629
2005,mpg,,6.7825,6.618,
2005,minutes,,682.825,757.6132,
2005,games,,21.6128,25.2574,
2006,pts,291.0,2.2655,3.1168,14.7648
2006,tpm,291.0,0.4109,0.446,0.8691
2006,reb,291.0,0.826,0.9679,6.1273
2006,ast,291.0,0.7934,0.8208,3.0828
2006,stl,291.0,0.2499,0.4024,1.0583
2006,blk,291.0,0.2874,0.2942,0.7221
2006,fgm,291.0,0.8775,1.2434,5.4483
2006,fga,291.0,1.7224,1.8936,11.9363
2006,ftm,291.0,0.7891,0.8922,2.9991
2006,fta,291.0,0.9429,1.028,4.0145
2006,tov,291.0,0.4027,0.4933,2.0378
2006,fg%,291.0,0.0331,0.0424,0.4564
2006,ft%,291.0,0.058,0.0687,0.7471
2006,mpg,,6.0418,5.9101,
2006,minutes,,681.5694,702.1815,
2006,games,,19.8958,22.864,
2007,pts,289.0,2.037,2.4267,15.0179
2007,tpm,289.0,0.4145,0.4392,0.9129
2007,reb,289.0,0.8553,1.0441,6.0967
2007,ast,289.0,0.7202,0.7725,3.2739
2007,stl,289.0,0.2022,0.254,1.0712
2007,blk,289.0,0.2549,0.2908,0.6803
2007,fgm,289.0,0.7205,0.8998,5.5479
2007,fga,289.0,1.4522,1.5565,12.0254
2007,ftm,289.0,0.8035,0.8314,3.0092
2007,fta,289.0,0.9617,1.032,3.9738
2007,tov,289.0,0.3596,1.2965,2.1706
2007,fg%,289.0,0.032,0.0528,0.4613
2007,ft%,289.0,0.0567,0.0688,0.7573
2007,mpg,,6.4676,6.3901,
2007,minutes,,663.9725,712.5078,
2007,games,,19.4236,21.4963,
2008,pts,290.0,2.0406,2.4067,15.2095
2008,tpm,290.0,0.3967,0.393,1.0186
2008,reb,290.0,0.8516,0.9336,6.2137
2008,ast,290.0,0.7024,0.7511,3.3826
2008,stl,290.0,0.2328,0.308,1.092
2008,blk,290.0,0.2772,0.3151,0.6932
2008,fgm,290.0,0.7663,0.9047,5.6587
2008,fga,290.0,1.5195,1.6437,12.2961
2008,ftm,290.0,0.7214,0.7963,2.8736
2008,fta,290.0,0.9043,1.0031,3.7801
2008,tov,290.0,0.3951,0.4972,2.0207
2008,fg%,290.0,0.0325,0.0383,0.4602
2008,ft%,290.0,0.0517,0.0641,0.7602
2008,mpg,,6.047,5.6805,
2008,minutes,,689.6865,712.0908,
2008,games,,20.3221,23.0232,
2009,pts,286.0,2.1121,2.2148,15.1002
2009,tpm,286.0,0.4078,0.4216,1.0234
2009,reb,286.0,0.8323,0.9052,6.1347
2009,ast,286.0,0.703,0.7642,3.2083
2009,stl,286.0,0.2304,0.2672,1.0898
2009,blk,286.0,0.316,0.3158,0.6965
2009,fgm,286.0,0.7561,0.8286,5.5963
2009,fga,286.0,1.5338,1.5203,12.1377
2009,ftm,286.0,0.7537,0.7582,2.8841
2009,fta,286.0,0.9109,0.954,3.7255
2009,tov,286.0,0.3699,0.4407,1.9819
2009,fg%,286.0,0.0297,0.039,0.4611
2009,ft%,286.0,0.0533,0.0574,0.7742
2009,mpg,,5.9948,5.9887,
2009,minutes,,673.934,713.1883,
2009,games,,20.1243,22.4661,
2010,pts,286.0,2.0451,2.4454,15.1967
2010,tpm,286.0,0.4031,0.4195,0.9615
2010,reb,286.0,0.8517,0.9437,6.2475
2010,ast,286.0,0.6887,0.7628,3.1802
2010,stl,286.0,0.2144,0.264,1.0671
2010,blk,286.0,0.2861,0.3167,0.744
2010,fgm,286.0,0.7701,0.9269,5.6879
2010,fga,286.0,1.5613,1.7373,12.2539
2010,ftm,286.0,0.7441,0.7917,2.8594
2010,fta,286.0,0.8774,0.9728,3.7463
2010,tov,286.0,0.3686,0.4508,2.0065
2010,fg%,286.0,0.0308,0.0452,0.4642
2010,ft%,286.0,0.0521,0.0645,0.7632
2010,mpg,,5.744,5.7413,
2010,minutes,,655.0466,687.4868,
2010,games,,20.4103,23.345,
2011,pts,300.0,2.189,2.2655,15.1498
2011,tpm,300.0,0.3895,0.4049,1.0059
2011,reb,300.0,0.8756,0.9079,6.0699
2011,ast,300.0,0.7241,0.7734,3.2901
2011,stl,300.0,0.2408,0.2679,1.0925
2011,blk,300.0,0.2461,0.2761,0.7049
2011,fgm,300.0,0.8079,0.8351,5.646
2011,fga,300.0,1.6519,1.6966,12.2701
2011,ftm,300.0,0.7673,0.8638,2.8519
2011,fta,300.0,0.923,1.0362,3.6829
2011,tov,300.0,0.3732,0.3919,2.0063
2011,fg%,300.0,0.0315,0.0357,0.4601
2011,ft%,300.0,0.0524,0.071,0.7744
2011,mpg,,5.9621,5.9343,
2011,minutes,,620.0602,652.9097,
2011,games,,19.0199,21.4043,
2012,pts,290.0,2.1085,2.3225,14.733
2012,tpm,290.0,0.3752,0.3608,0.9797
2012,reb,290.0,0.884,0.9232,6.2938
2012,ast,290.0,0.7981,0.8031,3.183
2012,stl,290.0,0.2526,0.3016,1.1347
2012,blk,290.0,0.2938,0.2828,0.7578
2012,fgm,290.0,0.7995,0.8954,5.569
2012,fga,290.0,1.5984,1.6466,12.3263
2012,ftm,290.0,0.759,0.8178,2.6152
2012,fta,290.0,0.8907,1.0164,3.4439
2012,tov,290.0,0.4484,0.5048,2.0662
2012,fg%,290.0,0.0351,0.0394,0.4518
2012,ft%,290.0,0.0587,0.0741,0.7594
2012,mpg,,5.9799,5.4377,
2012,minutes,,555.8753,732.0836,
2012,games,,19.9756,25.147,
2013,pts,298.0,2.0089,2.25,14.9933
2013,tpm,298.0,0.3997,0.4302,1.1022
2013,reb,298.0,0.9376,0.9752,6.2811
2013,ast,298.0,0.8468,0.9266,3.4263
2013,stl,298.0,0.2544,0.301,1.176
2013,blk,298.0,0.2796,0.3294,0.7529
2013,fgm,298.0,0.7683,0.8467,5.6598
2013,fga,298.0,1.6139,1.7359,12.4341
2013,ftm,298.0,0.6767,0.75,2.5714
2013,fta,298.0,0.8181,0.9343,3.3857
2013,tov,298.0,0.4155,0.474,2.0991
2013,fg%,298.0,0.032,0.0374,0.4552
2013,ft%,298.0,0.0578,0.0693,0.7595
2013,mpg,,6.3648,5.7302,
2013,minutes,,687.0725,676.0562,
2013,games,,21.1053,23.082,
2014,pts,304.0,2.3461,2.6911,15.4479
2014,tpm,304.0,0.4183,0.4443,1.1631
2014,reb,304.0,1.0011,1.0887,6.4028
2014,ast,304.0,0.8501,0.8871,3.3196
2014,stl,304.0,0.253,0.3034,1.1453
2014,blk,304.0,0.2561,0.3141,0.6987
2014,fgm,304.0,0.8484,1.0368,5.768
2014,fga,304.0,1.7616,2.0087,12.5757
2014,ftm,304.0,0.7916,0.8775,2.7487
2014,fta,304.0,0.96,1.0648,3.6146
2014,tov,304.0,0.3892,0.4753,2.0845
2014,fg%,304.0,0.0325,0.0412,0.4587
2014,ft%,304.0,0.0553,0.0659,0.7604
2014,mpg,,6.4302,6.2451,
2014,minutes,,672.7904,718.9634,
2014,games,,20.7979,23.692,
2015,pts,323.0,2.3023,2.4777,15.273
2015,tpm,323.0,0.3792,0.4057,1.1851
2015,reb,323.0,0.9864,0.9668,6.5097
2015,ast,323.0,0.7835,0.8302,3.3576
2015,stl,323.0,0.2548,0.2911,1.1428
2015,blk,323.0,0.2523,0.2639,0.7055
2015,fgm,323.0,0.8488,0.9199,5.7343
2015,fga,323.0,1.7724,1.8215,12.6671
2015,ftm,323.0,0.7839,0.8565,2.6193
2015,fta,323.0,0.9406,1.0351,3.4611
2015,tov,323.0,0.4081,0.4553,2.0403
2015,fg%,323.0,0.0339,0.0406,0.4527
2015,ft%,323.0,0.0533,0.0627,0.7568
2015,mpg,,5.7515,5.6227,
2015,minutes,,586.8221,668.1747,
2015,games,,19.4218,22.4343,
2016,pts,314.0,2.3601,2.7302,15.5931
2016,tpm,314.0,0.4596,0.4934,1.305
2016,reb,314.0,1.0909,1.3385,6.4951
2016,ast,314.0,0.8476,0.9021,3.3868
2016,stl,314.0,0.2361,0.2922,1.1752
2016,blk,314.0,0.2671,0.2914,0.7285
2016,fgm,314.0,0.847,0.9976,5.7898
2016,fga,314.0,1.7759,1.9352,12.7561
2016,ftm,314.0,0.7682,0.835,2.7085
2016,fta,314.0,0.9621,1.007,3.5582
2016,tov,314.0,0.4187,0.4709,2.0544
2016,fg%,314.0,0.0315,0.0409,0.4539
2016,ft%,314.0,0.0504,0.0846,0.7612
2016,mpg,,6.0121,5.8276,
2016,minutes,,630.9561,666.1563,
2016,games,,19.8865,22.2055,
2017,pts,310.0,2.5777,2.8017,16.2054
2017,tpm,310.0,0.4918,0.5237,1.4599
2017,reb,310.0,1.0486,1.1282,6.5874
2017,ast,310.0,0.8533,0.8598,3.4332
2017,stl,310.0,0.2361,0.3898,1.1558
2017,blk,310.0,0.2806,0.339,0.7141
2017,fgm,310.0,0.931,1.0394,5.9845
2017,fga,310.0,1.8665,2.0589,12.9614
2017,ftm,310.0,0.8317,0.8415,2.7764
2017,fta,310.0,0.9727,1.0259,3.5753
2017,tov,310.0,0.4486,0.4668,1.9969
2017,fg%,310.0,0.0339,0.0359,0.4617
2017,ft%,310.0,0.0514,0.0617,0.7766
2017,mpg,,5.5568,4.925,
2017,minutes,,585.5146,605.3028,
2017,games,,19.0941,21.0713,
2018,pts,301.0,2.4656,2.8371,16.3466
2018,tpm,301.0,0.4948,0.4832,1.6186
2018,reb,301.0,1.067,1.231,6.549
2018,ast,301.0,0.9382,0.9871,3.5356
2018,stl,301.0,0.2579,0.3124,1.1481
2018,blk,301.0,0.2613,0.28,0.7172
2018,fgm,301.0,0.9406,1.0569,6.0739
2018,fga,301.0,1.7791,2.01,13.0909
2018,ftm,301.0,0.7462,0.8924,2.5803
2018,fta,301.0,0.9024,1.0558,3.3364
2018,tov,301.0,0.4182,0.4822,2.054
2018,fg%,301.0,0.0341,0.0449,0.464
2018,ft%,301.0,0.0548,0.0643,0.7734
2018,mpg,,5.7792,5.4274,
2018,minutes,,629.5441,686.0035,
2018,games,,21.3819,23.8983,
2019,pts,322.0,2.5694,2.6558,16.9241
2019,tpm,322.0,0.4917,0.5375,1.733
2019,reb,322.0,1.1568,1.1685,6.8099
2019,ast,322.0,0.9342,1.0571,3.7458
2019,stl,322.0,0.2594,0.3715,1.1376
2019,blk,322.0,0.2647,0.2884,0.7322
2019,fgm,322.0,0.9283,0.991,6.2454
2019,fga,322.0,1.7683,1.8418,13.4716
2019,ftm,322.0,0.8163,0.8669,2.7003
2019,fta,322.0,1.001,1.0226,3.5036
2019,tov,322.0,0.4288,0.4691,2.0236
2019,fg%,322.0,0.0327,0.0411,0.4636
2019,ft%,322.0,0.0587,0.0653,0.7707
2019,mpg,,5.8152,5.7373,
2019,minutes,,612.3671,695.0741,
2019,games,,20.5659,24.6467,
2020,pts,304.0,2.6643,2.739,17.0429
2020,tpm,304.0,0.5841,0.5883,1.8793
2020,reb,304.0,1.0853,1.0575,6.7138
2020,ast,304.0,0.8766,0.9357,3.7254
2020,stl,304.0,0.258,0.3205,1.1358
2020,blk,304.0,0.2631,0.3195,0.7238
2020,fgm,304.0,0.9193,0.9364,6.2021
2020,fga,304.0,2.0579,1.9993,13.3938
2020,ftm,304.0,0.7978,0.8908,2.7594
2020,fta,304.0,0.971,1.0764,3.5371
2020,tov,304.0,0.4407,0.4539,2.0716
2020,fg%,304.0,0.0346,0.0415,0.4631
2020,ft%,304.0,0.0559,0.0691,0.7801
2020,mpg,,5.8378,5.7578,
2020,minutes,,548.0182,662.2606,
2020,games,,19.5341,23.523,
2021,pts,325.0,2.6611,2.8734,17.1797
2021,tpm,325.0,0.5213,0.5998,1.9394
2021,reb,325.0,1.0679,1.1533,6.6605
2021,ast,325.0,0.9919,1.0987,3.7847
2021,stl,325.0,0.2603,0.338,1.1245
2021,blk,325.0,0.2934,0.3212,0.7236
2021,fgm,325.0,0.9865,1.0747,6.3099
2021,fga,325.0,1.9721,2.0561,13.4089
2021,ftm,325.0,0.7903,0.8708,2.6205
2021,fta,325.0,0.9202,1.0377,3.3509
2021,tov,325.0,0.4407,0.5311,1.9858
2021,fg%,325.0,0.037,0.0528,0.4706
2021,ft%,325.0,0.0588,0.0813,0.782
2021,mpg,,5.4964,5.3653,
2021,minutes,,506.7152,555.3317,
2021,games,,18.2467,21.0351,
2022,pts,329.0,2.4963,2.6745,16.9307
2022,tpm,329.0,0.5205,0.5046,1.9126
2022,reb,329.0,0.881,0.997,6.693
2022,ast,329.0,0.9176,0.9327,3.7747
2022,stl,329.0,0.2532,0.328,1.1439
2022,blk,329.0,0.2343,0.2988,0.7049
2022,fgm,329.0,0.9231,1.0147,6.1937
2022,fga,329.0,1.8018,1.9162,13.3242
2022,ftm,329.0,0.746,0.7612,2.6308
2022,fta,329.0,0.905,0.9314,3.3738
2022,tov,329.0,0.4505,0.4743,1.9503
2022,fg%,329.0,0.0322,0.0368,0.4648
2022,ft%,329.0,0.0533,0.0674,0.7798
2022,mpg,,5.5768,5.1046,
2022,minutes,,577.1882,571.2728,
2022,games,,19.4739,20.566,
2023,pts,327.0,2.5554,2.8214,17.3955
2023,tpm,327.0,0.4979,0.4993,1.8868
2023,reb,327.0,1.0238,1.0685,6.4409
2023,ast,327.0,0.808,0.9976,3.8662
2023,stl,327.0,0.2252,0.3085,1.0898
2023,blk,327.0,0.2729,0.3108,0.6876
2023,fgm,327.0,0.9115,1.0023,6.3467
2023,fga,327.0,1.8645,1.899,13.2852
2023,ftm,327.0,0.875,0.9124,2.8153
2023,fta,327.0,1.0546,1.1004,3.5728
2023,tov,327.0,0.404,0.485,2.0026
2023,fg%,327.0,0.0375,0.0485,0.4777
2023,ft%,327.0,0.0484,0.064,0.788
2023,mpg,,5.5295,5.4167,
2023,minutes,,586.1629,606.4109,
2023,games,,19.125,21.5327,
2024,pts,322.0,2.5173,2.5857,17.5031
2024,tpm,322.0,0.5192,0.4899,1.9632
2024,reb,322.0,0.9071,0.9528,6.4597
2024,ast,322.0,0.8971,0.9364,4.0969
2024,stl,322.0,0.239,0.3023,1.1161
2024,blk,322.0,0.2681,0.308,0.7471
2024,fgm,322.0,0.9394,0.9589,6.4477
2024,fga,322.0,1.9604,1.9912,13.4982
2024,ftm,322.0,0.7417,0.871,2.6446
2024,fta,322.0,0.8713,1.0617,3.3466
2024,tov,322.0,0.4038,0.4375,1.9367
2024,fg%,322.0,0.0328,0.038,0.4777
2024,ft%,322.0,0.0448,0.0552,0.7902
2024,mpg,,5.3988,5.205,
2024,minutes,,553.0083,547.4616,
2024,games,,18.5349,20.2326,
2025,pts,330.0,2.4619,2.6612,17.5693
2025,tpm,330.0,0.5014,0.5689,2.0855
2025,reb,330.0,0.9407,1.0761,6.5305
2025,ast,330.0,0.8067,0.8829,4.0886
2025,stl,330.0,0.302,0.3582,1.2308
2025,blk,330.0,0.2312,0.2586,0.7108
2025,fgm,330.0,0.9213,0.967,6.4131
2025,fga,330.0,1.8006,1.9199,13.6139
2025,ftm,330.0,0.7154,0.8397,2.6575
2025,fta,330.0,0.8705,1.0134,3.3745
2025,tov,330.0,0.4248,0.4539,2.0329
2025,fg%,330.0,0.0336,0.0386,0.4711
2025,ft%,330.0,0.0508,0.067,0.7875
2025,mpg,,5.2644,5.0739,
2025,minutes,,547.5039,593.5089,
2025,games,,19.2865,22.2843,
2026,pts,336.0,2.8964,3.0965,17.7334
2026,tpm,336.0,0.5179,0.5522,2.0289
2026,reb,336.0,0.9464,1.0298,6.5669
2026,ast,336.0,0.9738,0.9906,4.0545
2026,stl,336.0,0.2954,0.3546,1.2564
2026,blk,336.0,0.2608,0.2872,0.731
2026,fgm,336.0,0.9934,1.0798,6.4225
2026,fga,336.0,2.0236,2.124,13.524
2026,ftm,336.0,1.0137,1.0633,2.8595
2026,fta,336.0,1.2015,1.2412,3.6437
2026,tov,336.0,0.479,0.5682,2.0666
2026,fg%,336.0,0.0355,0.0433,0.4749
2026,ft%,336.0,0.0517,0.0816,0.7848
2026,mpg,,6.1344,6.0128,
2026,minutes,,593.8083,666.9079,
2026,games,,21.097,23.7958,
