age,pts,tpm,reb,ast,stl,blk,fgm,fga,ftm,fta
19,1.1082,1.0854,1.0173,1.1285,1.0543,0.9719,1.0979,1.0725,1.1694,1.1518
20,1.0906,1.076,1.0131,1.1121,1.0451,0.9727,1.0813,1.0604,1.1429,1.128
21,1.0744,1.0673,1.0091,1.0968,1.0371,0.9731,1.0659,1.0492,1.1186,1.106
22,1.0596,1.0594,1.0051,1.0825,1.0302,0.9733,1.0518,1.0389,1.0963,1.0857
23,1.0461,1.0523,1.0011,1.0692,1.0244,0.9733,1.0389,1.0293,1.0759,1.0672
24,1.0338,1.0458,0.9973,1.0569,1.0196,0.973,1.0272,1.0207,1.0574,1.0503
25,1.0227,1.0401,0.9935,1.0456,1.0159,0.9725,1.0166,1.0128,1.0406,1.0349
26,1.0128,1.035,0.9897,1.0351,1.0132,0.9717,1.0071,1.0057,1.0256,1.021
27,1.004,1.0306,0.9861,1.0256,1.0116,0.9707,0.9988,0.9994,1.0121,1.0085
28,0.9964,1.0269,0.9825,1.0169,1.011,0.9695,0.9914,0.9938,1.0002,0.9974
29,0.9899,1.0239,0.979,1.0091,1.0114,0.968,0.9851,0.9889,0.9898,0.9877
30,0.9844,1.0215,0.9755,1.0021,1.0128,0.9662,0.9798,0.9848,0.9809,0.9793
31,0.98,1.0198,0.9721,0.9959,1.0153,0.9642,0.9755,0.9815,0.9734,0.9721
32,0.9766,1.0187,0.9688,0.9905,1.0188,0.962,0.9722,0.9788,0.9672,0.9662
33,0.9743,1.0182,0.9655,0.9859,1.0234,0.9595,0.9698,0.9768,0.9625,0.9615
34,0.973,1.0185,0.9623,0.9821,1.029,0.9568,0.9685,0.9756,0.9591,0.9581
35,0.9727,1.0193,0.9591,0.979,1.0358,0.9539,0.968,0.975,0.9571,0.9558
36,0.9734,1.0208,0.956,0.9767,1.0436,0.9507,0.9686,0.9752,0.9563,0.9547
37,0.9752,1.023,0.953,0.9752,1.0525,0.9473,0.9701,0.976,0.9569,0.9548
38,0.9779,1.0258,0.95,0.9744,1.0626,0.9436,0.9725,0.9776,0.9589,0.956
39,0.9817,1.0293,0.9471,0.9744,1.0739,0.9398,0.976,0.9798,0.9621,0.9585
40,0.9866,1.0334,0.9443,0.9751,1.0864,0.9357,0.9804,0.9828,0.9667,0.9621
