name,Team,Pos,Age,g,m/g,3/g,p/g,r/g,a/g,s/g,b/g,to/g,fg%,ft%,fg%V,ft%V,3V,pV,rV,aV,sV,bV,toV,Value
Victor Wembanyama,SA,F,23.1,59.0,30.3,2.6,26.0,11.1,3.9,1.1,3.1,2.9,0.494,0.84,0.45,0.88,0.75,1.85,2.25,0.02,0.36,5.53,-1.45,1.18
Shai Gilgeous-Alexander,OKC,G,28.6,64.0,33.8,1.9,30.4,4.8,6.5,1.6,0.8,2.3,0.527,0.886,1.59,2.62,0.06,2.71,-0.44,1.37,2.04,0.38,-0.51,1.09
Nikola Jokic,DEN,C,31.9,62.0,35.4,1.7,25.5,12.3,9.7,1.5,0.7,3.3,0.558,0.811,2.28,0.19,-0.16,1.75,2.77,3.04,1.57,0.17,-2.05,1.06
Tyrese Maxey,PHI,G,26.2,62.0,37.8,3.4,27.6,3.8,6.7,1.6,0.6,2.2,0.452,0.89,-1.01,1.89,1.63,2.16,-0.86,1.46,1.88,-0.18,-0.44,0.72
Luka Doncic,LAL,G,27.9,59.0,36.2,4.1,31.2,8.2,8.7,1.5,0.5,3.8,0.466,0.785,-0.5,-0.58,2.36,2.86,0.99,2.49,1.87,-0.38,-2.73,0.71
Anthony Davis,DAL,F,33.9,37.0,34.0,0.6,21.1,11.5,3.3,1.1,2.0,2.1,0.512,0.778,0.86,-0.49,-1.28,0.89,2.42,-0.32,0.33,2.88,-0.32,0.55
Kawhi Leonard,LAC,F,35.6,58.0,32.7,2.3,22.4,6.0,3.3,1.6,0.5,1.9,0.493,0.867,0.36,1.05,0.52,1.14,0.08,-0.27,2.21,-0.24,-0.03,0.53
Anthony Edwards,MIN,G,25.5,60.0,35.5,3.8,28.8,5.4,4.8,1.3,0.6,3.0,0.468,0.834,-0.43,0.81,2.0,2.39,-0.2,0.47,0.82,-0.04,-1.55,0.47
Chet Holmgren,OKC,C,24.8,60.0,28.8,1.6,17.8,8.4,2.2,0.7,1.9,1.6,0.54,0.802,1.21,-0.02,-0.2,0.24,1.09,-0.86,-1.21,2.84,0.44,0.39
Jayson Tatum,BOS,F,28.9,37.0,35.7,3.5,25.2,8.5,5.6,1.1,0.5,2.7,0.448,0.824,-1.04,0.47,1.73,1.69,1.12,0.89,0.15,-0.39,-1.09,0.39
Scottie Barnes,TOR,F,25.5,68.0,33.6,1.3,19.7,7.7,6.3,1.4,1.2,2.7,0.482,0.798,0.04,-0.07,-0.54,0.62,0.8,1.28,1.22,1.26,-1.12,0.39
Jalen Johnson,ATL,F,25.1,62.0,34.9,1.7,21.0,9.8,6.6,1.3,0.6,2.8,0.497,0.783,0.46,-0.32,-0.16,0.87,1.68,1.42,0.92,-0.06,-1.36,0.38
Donovan Mitchell,CLE,G,30.4,64.0,33.1,3.4,24.7,4.6,5.4,1.4,0.3,2.5,0.457,0.848,-0.74,0.89,1.58,1.58,-0.54,0.82,1.46,-0.74,-0.9,0.38
Trey Murphy III,NO,F,26.6,60.0,33.9,3.4,20.2,5.3,3.5,1.2,0.5,1.6,0.461,0.88,-0.48,1.08,1.6,0.72,-0.22,-0.18,0.64,-0.37,0.47,0.36
Cade Cunningham,DET,G,25.4,61.0,34.2,2.3,25.5,5.5,9.7,1.2,0.7,3.8,0.463,0.847,-0.57,0.92,0.46,1.74,-0.17,3.02,0.47,0.02,-2.72,0.35
Joel Embiid,PHI,C,32.9,43.0,31.9,1.4,25.3,8.5,4.4,0.8,1.2,3.1,0.477,0.86,-0.07,1.75,-0.44,1.71,1.13,0.26,-0.78,1.2,-1.71,0.34
Jamal Murray,DEN,G,29.9,66.0,34.8,2.9,21.9,4.1,6.6,1.0,0.5,2.2,0.472,0.877,-0.24,1.09,1.09,1.05,-0.73,1.4,0.04,-0.42,-0.37,0.32
Cooper Flagg,DAL,F,20.1,57.0,33.6,1.2,22.9,6.7,5.0,1.2,0.9,2.3,0.474,0.844,-0.18,0.84,-0.63,1.23,0.38,0.57,0.69,0.51,-0.5,0.32
Jalen Williams,OKC,G,25.8,46.0,31.1,1.6,20.6,4.7,5.4,1.3,0.5,1.9,0.5,0.82,0.55,0.27,-0.2,0.78,-0.48,0.81,1.02,-0.25,-0.06,0.27
Kevin Durant,HOU,F,38.3,67.0,36.7,2.4,23.4,5.8,4.5,0.9,1.1,3.1,0.508,0.851,0.8,0.9,0.55,1.34,-0.02,0.32,-0.6,0.9,-1.74,0.27
Stephen Curry,GS,G,38.9,50.0,32.0,4.4,22.3,4.1,5.1,1.0,0.4,2.8,0.441,0.914,-1.09,1.59,2.64,1.13,-0.75,0.62,-0.03,-0.54,-1.26,0.26
Lauri Markkanen,UTAH,F,29.7,48.0,33.0,3.1,22.0,6.8,1.9,0.9,0.4,1.5,0.455,0.888,-0.7,1.53,1.29,1.06,0.41,-1.01,-0.52,-0.49,0.63,0.24
Karl-Anthony Towns,NY,C,31.2,67.0,32.7,1.9,20.4,11.1,3.0,0.9,0.6,2.6,0.5,0.845,0.49,0.78,0.06,0.74,2.24,-0.46,-0.56,-0.16,-0.99,0.24
LaMelo Ball,CHA,G,25.4,63.0,29.7,4.1,22.7,4.9,7.7,1.2,0.3,3.0,0.411,0.878,-2.23,1.02,2.3,1.2,-0.4,1.99,0.71,-0.87,-1.63,0.23
Dyson Daniels,ATL,G,23.9,68.0,31.1,0.8,12.4,5.9,5.1,2.1,0.5,1.7,0.506,0.632,0.46,-1.1,-1.08,-0.82,0.03,0.65,3.94,-0.34,0.3,0.23
Evan Mobley,CLE,C,25.6,62.0,31.2,1.1,18.6,9.1,3.6,0.8,1.5,1.9,0.555,0.682,1.68,-1.99,-0.75,0.41,1.41,-0.13,-0.68,1.89,-0.01,0.2
Desmond Bane,ORL,G,28.6,70.0,33.2,2.5,20.0,4.8,4.8,1.1,0.4,2.2,0.476,0.897,-0.1,1.27,0.69,0.67,-0.45,0.5,0.15,-0.49,-0.48,0.19
Franz Wagner,ORL,F,25.4,45.0,32.3,1.7,22.6,5.4,4.3,1.1,0.3,2.0,0.474,0.863,-0.16,1.2,-0.09,1.19,-0.18,0.25,0.25,-0.67,-0.12,0.18
VJ Edgecombe,PHI,G,21.5,60.0,35.0,2.2,17.4,5.7,4.6,1.4,0.5,1.8,0.448,0.83,-0.79,0.28,0.4,0.17,-0.05,0.36,1.38,-0.28,0.09,0.17
James Harden,LAC,G,37.4,65.0,34.9,2.9,19.2,5.1,7.9,1.2,0.6,3.5,0.415,0.869,-1.52,1.43,1.06,0.51,-0.32,2.11,0.72,-0.14,-2.3,0.17
Amen Thompson,HOU,G,24.0,68.0,32.5,0.4,16.2,7.7,4.6,1.4,0.8,2.1,0.545,0.754,1.28,-0.78,-1.48,-0.08,0.78,0.4,1.35,0.3,-0.22,0.17
Jalen Duren,DET,C,23.2,65.0,27.6,0.0,17.1,10.7,2.6,0.7,0.9,1.9,0.658,0.753,3.07,-0.89,-1.81,0.1,2.09,-0.64,-1.01,0.51,0.08,0.17
LeBron James,LAL,F,42.1,59.0,34.4,1.8,20.9,6.9,7.6,1.2,0.6,3.3,0.509,0.755,0.75,-0.8,-0.06,0.84,0.44,1.92,0.58,-0.16,-2.03,0.17
Jaren Jackson Jr.,MEM,F,27.4,53.0,30.6,2.0,21.2,5.6,2.2,1.2,1.4,2.2,0.468,0.801,-0.33,-0.03,0.21,0.91,-0.12,-0.88,0.46,1.64,-0.41,0.16
Tyler Herro,MIA,G,27.0,46.0,33.8,3.3,22.2,5.1,5.1,0.8,0.2,2.3,0.464,0.886,-0.46,1.13,1.51,1.1,-0.33,0.63,-0.71,-0.92,-0.56,0.15
Derrick White,BOS,G,32.6,68.0,33.6,3.0,15.0,4.3,5.0,1.0,1.1,1.7,0.418,0.872,-1.3,0.55,1.22,-0.31,-0.65,0.57,-0.0,1.0,0.31,0.15
Jimmy Butler III,GS,F,37.4,46.0,32.3,0.8,16.9,5.3,4.8,1.3,0.3,1.5,0.493,0.844,0.24,0.95,-1.03,0.07,-0.25,0.49,1.13,-0.81,0.52,0.15
Domantas Sabonis,SAC,F,30.7,38.0,34.3,0.7,17.5,13.0,6.5,0.8,0.4,3.0,0.568,0.727,1.81,-1.14,-1.15,0.17,3.05,1.36,-0.74,-0.53,-1.52,0.15
OG Anunoby,NY,F,29.5,63.0,34.7,2.4,16.3,4.9,2.2,1.4,0.7,1.6,0.477,0.809,-0.05,0.06,0.61,-0.04,-0.42,-0.86,1.42,0.18,0.4,0.14
Paul George,PHI,F,36.8,45.0,32.4,2.8,16.7,5.2,3.6,1.6,0.5,2.1,0.438,0.847,-0.96,0.45,0.97,0.02,-0.3,-0.15,1.94,-0.41,-0.26,0.14
Kon Knueppel,CHA,G,21.5,62.0,31.5,3.7,19.8,5.4,3.7,0.8,0.3,2.0,0.481,0.873,0.02,0.82,1.89,0.64,-0.19,-0.09,-0.9,-0.87,-0.08,0.14
Kristaps Porzingis,ATL,C,31.5,42.0,27.6,2.1,17.1,6.2,2.2,0.7,1.4,1.4,0.47,0.83,-0.2,0.45,0.27,0.1,0.16,-0.88,-1.18,1.64,0.75,0.12
Austin Reaves,LAL,G,28.7,55.0,33.9,2.5,19.4,4.5,5.7,1.0,0.3,2.5,0.474,0.87,-0.14,1.26,0.7,0.56,-0.59,0.94,-0.1,-0.73,-0.81,0.12
Devin Booker,PHX,G,30.3,62.0,35.5,2.3,24.6,4.1,6.5,0.9,0.3,2.9,0.458,0.879,-0.67,1.87,0.47,1.57,-0.76,1.39,-0.59,-0.81,-1.43,0.11
Alperen Sengun,HOU,C,24.5,66.0,32.5,0.5,21.6,9.5,6.0,1.2,0.9,2.8,0.519,0.708,1.08,-2.08,-1.3,0.98,1.57,1.09,0.49,0.44,-1.24,0.11
Bam Adebayo,MIA,C,29.5,66.0,33.5,1.2,18.5,9.8,3.8,1.2,0.7,1.9,0.469,0.768,-0.27,-0.62,-0.63,0.38,1.68,-0.05,0.49,0.09,-0.05,0.11
Trae Young,ATL,G,28.4,37.0,34.5,3.1,23.0,2.9,10.9,1.2,0.2,4.1,0.418,0.864,-1.78,1.55,1.26,1.25,-1.27,3.67,0.48,-1.04,-3.21,0.1
De'Aaron Fox,SA,G,29.1,65.0,33.9,2.3,21.2,4.2,6.1,1.4,0.3,2.5,0.465,0.774,-0.44,-0.45,0.45,0.91,-0.69,1.16,1.51,-0.7,-0.88,0.1
Brandon Miller,CHA,F,24.2,57.0,31.6,3.5,20.8,4.7,3.4,1.0,0.6,2.3,0.436,0.884,-1.24,1.0,1.68,0.82,-0.48,-0.25,-0.1,-0.07,-0.54,0.09
Dejounte Murray,NO,G,30.4,32.0,33.5,2.3,18.9,5.6,6.6,1.5,0.3,2.8,0.436,0.811,-1.2,0.11,0.45,0.45,-0.13,1.43,1.73,-0.75,-1.37,0.08
Jalen Brunson,NY,G,30.4,66.0,35.3,2.7,25.2,3.3,6.9,0.9,0.1,2.4,0.467,0.832,-0.42,0.62,0.87,1.68,-1.11,1.56,-0.62,-1.13,-0.74,0.08
Onyeka Okongwu,ATL,F,26.1,66.0,28.8,1.3,13.9,7.8,2.6,0.9,1.0,1.4,0.526,0.772,0.79,-0.31,-0.52,-0.51,0.85,-0.66,-0.39,0.66,0.77,0.08
Michael Porter Jr.,BKN,F,28.6,56.0,32.7,3.1,19.2,6.9,2.3,0.8,0.4,1.6,0.478,0.825,-0.06,0.23,1.26,0.52,0.45,-0.81,-0.97,-0.47,0.42,0.06
Walker Kessler,UTAH,C,25.5,30.0,27.2,0.2,10.8,9.9,1.6,0.6,2.1,1.4,0.649,0.591,2.04,-1.87,-1.61,-1.12,1.75,-1.17,-1.35,3.16,0.73,0.06
Jarrett Allen,CLE,C,28.8,58.0,28.7,0.0,14.6,9.3,2.2,0.9,0.8,1.4,0.645,0.725,2.55,-1.1,-1.81,-0.37,1.5,-0.89,-0.55,0.43,0.8,0.06
Mark Williams,PHX,C,25.1,56.0,24.9,0.1,13.5,8.7,1.6,0.8,1.0,1.3,0.618,0.789,2.04,-0.17,-1.78,-0.59,1.23,-1.16,-0.65,0.67,0.95,0.06
Josh Giddey,CHI,G,24.3,56.0,29.3,1.7,16.0,7.7,7.8,1.0,0.5,2.8,0.468,0.794,-0.26,-0.11,-0.09,-0.12,0.78,2.05,-0.17,-0.25,-1.34,0.06
Jalen Suggs,ORL,G,25.7,54.0,27.6,2.4,14.6,3.7,4.4,1.5,0.7,2.3,0.444,0.842,-0.72,0.37,0.57,-0.38,-0.94,0.3,1.79,0.06,-0.63,0.05
Nikola Vucevic,CHI,C,36.3,61.0,31.0,1.5,15.1,9.2,3.2,0.7,0.7,1.5,0.488,0.806,0.18,0.02,-0.29,-0.28,1.45,-0.33,-1.1,0.06,0.57,0.03
Darius Garland,CLE,G,27.0,52.0,31.0,2.9,19.3,2.7,6.9,1.1,0.2,2.7,0.459,0.866,-0.53,0.72,1.1,0.54,-1.35,1.57,0.34,-1.09,-1.17,0.01
Keegan Murray,SAC,F,26.5,41.0,34.1,2.3,14.2,6.1,1.7,0.9,0.9,0.9,0.447,0.823,-0.68,0.12,0.48,-0.46,0.08,-1.13,-0.32,0.55,1.41,0.01
Immanuel Quickley,TOR,G,27.6,60.0,30.3,2.7,16.7,3.9,5.7,1.0,0.1,1.5,0.436,0.845,-0.98,0.53,0.94,0.04,-0.85,0.98,-0.06,-1.18,0.54,-0.01
Giannis Antetokounmpo,MIL,F,32.2,47.0,33.1,0.4,26.5,10.9,6.0,1.0,0.9,3.1,0.587,0.635,3.12,-5.6,-1.45,1.95,2.15,1.1,-0.16,0.64,-1.79,-0.01
Mikal Bridges,NY,G,30.4,71.0,35.1,2.2,16.1,3.8,3.7,1.1,0.6,1.5,0.47,0.814,-0.21,0.08,0.43,-0.1,-0.89,-0.08,0.18,-0.22,0.6,-0.02
Jabari Smith Jr.,HOU,F,23.7,66.0,32.9,2.4,15.9,7.3,1.8,0.7,0.8,1.3,0.459,0.816,-0.44,0.15,0.54,-0.13,0.62,-1.08,-1.21,0.32,0.93,-0.03
Donovan Clingan,POR,C,22.9,67.0,24.2,0.8,10.8,10.0,1.9,0.6,1.6,1.2,0.532,0.677,0.69,-1.14,-0.99,-1.13,1.77,-1.02,-1.56,1.99,1.05,-0.04
Josh Hart,NY,G,31.9,63.0,33.7,1.3,11.2,8.2,4.9,1.2,0.3,1.8,0.49,0.756,0.15,-0.32,-0.55,-1.05,1.0,0.52,0.57,-0.79,0.09,-0.04
Devin Vassell,SA,G,26.4,62.0,31.3,2.7,16.5,4.0,3.2,1.0,0.4,1.2,0.45,0.813,-0.68,0.09,0.92,-0.01,-0.8,-0.35,0.05,-0.57,0.95,-0.04
Kel'el Ware,MIA,C,22.8,67.0,22.2,1.1,11.3,8.3,1.0,0.7,1.0,0.9,0.542,0.743,0.89,-0.3,-0.76,-1.03,1.05,-1.52,-1.09,0.82,1.49,-0.05
Myles Turner,MIL,C,30.9,65.0,28.0,2.0,13.7,6.0,1.5,0.7,1.7,1.4,0.471,0.761,-0.15,-0.46,0.22,-0.56,0.07,-1.26,-1.25,2.22,0.7,-0.05
Ivica Zubac,LAC,C,29.9,54.0,30.3,0.0,14.1,10.8,2.2,0.5,1.0,1.5,0.608,0.696,2.17,-1.07,-1.81,-0.49,2.12,-0.86,-1.77,0.72,0.52,-0.05
DeMar DeRozan,SAC,G,37.5,68.0,34.5,0.9,18.7,3.5,4.3,1.0,0.4,1.4,0.472,0.85,-0.19,0.93,-0.97,0.41,-0.99,0.23,-0.13,-0.55,0.7,-0.06
Jaden McDaniels,MIN,F,26.3,67.0,31.2,1.4,13.3,4.5,2.3,1.1,0.8,1.4,0.498,0.819,0.32,0.11,-0.38,-0.63,-0.57,-0.82,0.34,0.35,0.67,-0.07
Alex Sarr,WSH,C,21.8,53.0,27.2,1.5,16.3,7.0,2.9,0.8,1.6,1.7,0.448,0.711,-0.76,-1.08,-0.27,-0.06,0.48,-0.5,-0.89,2.11,0.32,-0.07
Rudy Gobert,MIN,C,34.6,67.0,32.6,0.0,11.0,11.3,1.6,0.8,1.6,1.4,0.648,0.602,1.93,-2.74,-1.82,-1.08,2.33,-1.19,-0.96,2.08,0.73,-0.08
Bez Mbeng,UTAH,G,24.8,30.0,32.9,0.7,10.7,4.2,4.2,1.7,0.4,1.6,0.517,0.708,0.53,-0.77,-1.15,-1.15,-0.72,0.19,2.35,-0.52,0.43,-0.09
Andersson Garcia,UTAH,G,26.4,24.0,33.8,0.9,11.2,7.5,3.2,1.2,0.7,1.7,0.468,0.784,-0.2,-0.17,-0.97,-1.05,0.72,-0.34,0.78,0.14,0.28,-0.09
Isaiah Hartenstein,OKC,C,28.7,51.0,25.8,0.0,9.4,9.3,3.4,1.0,0.9,1.5,0.597,0.675,1.32,-1.0,-1.8,-1.4,1.47,-0.27,-0.22,0.55,0.53,-0.09
Miles Bridges,CHA,F,28.9,67.0,32.8,2.2,18.3,6.6,3.5,0.7,0.5,1.8,0.446,0.838,-0.88,0.43,0.4,0.34,0.32,-0.21,-1.08,-0.33,0.2,-0.09
Deandre Ayton,LAL,C,28.5,62.0,29.2,0.1,13.8,9.0,1.3,0.7,0.9,1.5,0.598,0.694,2.09,-0.7,-1.76,-0.55,1.37,-1.35,-1.02,0.45,0.65,-0.09
Deni Avdija,POR,F,26.1,62.0,31.4,1.8,19.6,7.0,5.2,0.9,0.5,2.9,0.476,0.795,-0.08,-0.19,0.01,0.6,0.51,0.71,-0.6,-0.31,-1.49,-0.09
Cason Wallace,OKC,G,23.2,67.0,25.3,1.4,9.1,3.0,2.6,1.6,0.4,0.9,0.472,0.819,-0.1,0.05,-0.41,-1.46,-1.22,-0.68,1.93,-0.51,1.53,-0.1
Keyonte George,UTAH,G,23.2,56.0,30.7,2.8,20.1,3.6,6.1,0.8,0.2,2.7,0.429,0.882,-1.29,1.62,0.98,0.68,-0.99,1.18,-0.8,-1.05,-1.19,-0.1
Jaylen Brown,BOS,G,30.3,64.0,34.1,2.0,23.7,6.1,4.5,1.1,0.4,2.9,0.469,0.768,-0.34,-0.71,0.23,1.41,0.12,0.33,0.19,-0.6,-1.49,-0.1
Ja Morant,MEM,G,27.5,37.0,30.1,1.7,21.6,4.0,7.7,1.1,0.3,3.3,0.438,0.847,-1.19,0.99,-0.16,0.99,-0.79,1.98,0.19,-0.79,-2.09,-0.1
Brandon Ingram,TOR,F,29.4,62.0,33.4,1.8,20.5,5.4,4.5,0.8,0.6,2.6,0.472,0.816,-0.21,0.21,-0.02,0.78,-0.21,0.3,-0.83,-0.03,-0.97,-0.11
John Collins,LAC,F,29.4,60.0,28.1,1.4,14.7,6.7,1.3,0.8,0.8,1.7,0.529,0.8,0.89,-0.02,-0.42,-0.37,0.37,-1.33,-0.78,0.29,0.36,-0.11
Dereck Lively II,DAL,C,23.0,29.0,22.6,0.1,10.2,7.0,2.1,0.7,1.3,1.1,0.703,0.644,2.33,-1.26,-1.75,-1.25,0.47,-0.92,-1.3,1.43,1.18,-0.12
Paolo Banchero,ORL,F,24.2,63.0,34.7,1.7,24.9,7.8,5.7,0.8,0.6,3.0,0.461,0.766,-0.57,-1.17,-0.15,1.63,0.82,0.93,-0.74,-0.22,-1.59,-0.12
Jakob Poeltl,TOR,C,31.3,51.0,27.1,0.1,11.5,8.1,2.4,0.9,1.0,1.6,0.631,0.627,2.04,-1.37,-1.8,-1.0,0.97,-0.76,-0.43,0.8,0.48,-0.12
Daniel Gafford,DAL,F,28.3,55.0,22.5,0.0,10.7,6.9,1.4,0.7,1.5,1.1,0.67,0.69,2.09,-1.18,-1.81,-1.15,0.45,-1.3,-1.24,1.88,1.14,-0.12
Coby White,CHI,G,27.0,54.0,31.5,2.9,19.5,3.9,4.8,0.7,0.2,2.3,0.45,0.863,-0.73,0.94,1.15,0.57,-0.85,0.48,-1.03,-1.03,-0.61,-0.12
Pascal Siakam,IND,F,32.8,61.0,33.0,1.5,20.1,6.7,3.7,0.9,0.4,1.8,0.496,0.712,0.43,-1.5,-0.29,0.69,0.36,-0.1,-0.34,-0.53,0.15,-0.13
Tari Eason,HOU,F,25.7,58.0,25.1,1.4,11.3,6.3,1.6,1.3,0.6,1.2,0.451,0.762,-0.47,-0.23,-0.4,-1.02,0.19,-1.2,1.07,-0.05,0.97,-0.13
Zion Williamson,NO,F,26.6,56.0,30.1,0.1,22.6,6.0,4.4,1.0,0.6,2.4,0.575,0.709,2.39,-2.59,-1.74,1.17,0.05,0.29,0.06,-0.08,-0.71,-0.13
Naz Reid,MIN,C,27.4,68.0,26.1,2.3,13.8,5.8,2.1,0.8,0.9,1.5,0.462,0.756,-0.35,-0.31,0.5,-0.54,-0.02,-0.93,-0.68,0.5,0.63,-0.13
Donte DiVincenzo,MIN,G,30.0,69.0,28.9,3.2,12.4,3.8,3.4,1.2,0.4,1.5,0.419,0.754,-1.07,-0.22,1.38,-0.82,-0.87,-0.23,0.63,-0.63,0.62,-0.13
Tobias Harris,DET,F,34.5,61.0,30.7,1.3,13.1,5.6,2.5,1.0,0.6,1.2,0.466,0.856,-0.25,0.45,-0.53,-0.69,-0.11,-0.73,-0.25,-0.16,1.06,-0.13
Saddiq Bey,NO,G,27.8,58.0,31.7,2.1,16.0,5.8,2.2,0.9,0.1,1.0,0.44,0.84,-0.86,0.51,0.31,-0.1,-0.01,-0.85,-0.44,-1.13,1.34,-0.14
Zach LaVine,SAC,G,31.9,49.0,33.9,2.9,19.6,3.8,3.4,0.8,0.2,2.4,0.481,0.839,0.03,0.46,1.11,0.59,-0.86,-0.24,-0.85,-0.94,-0.66,-0.15
Adama Bal,MEM,G,23.1,26.0,30.1,2.3,12.8,3.8,2.8,1.1,0.3,1.3,0.465,0.834,-0.26,0.24,0.44,-0.74,-0.87,-0.55,0.11,-0.69,0.93,-0.15
Herbert Jones,NO,F,28.3,52.0,29.8,1.5,10.0,3.5,2.9,1.4,0.6,1.4,0.437,0.838,-0.6,0.21,-0.29,-1.29,-0.99,-0.53,1.48,-0.18,0.79,-0.16
Brook Lopez,LAC,C,38.8,68.0,27.5,1.7,9.9,4.4,1.5,0.6,1.6,1.0,0.465,0.796,-0.2,-0.03,-0.16,-1.31,-0.62,-1.24,-1.44,2.18,1.35,-0.16
Ausar Thompson,DET,G,24.0,64.0,24.8,0.2,10.6,5.7,2.8,1.6,0.8,1.4,0.524,0.618,0.62,-1.79,-1.61,-1.17,-0.06,-0.54,2.03,0.35,0.71,-0.16
Jalen Green,PHX,G,25.0,46.0,31.0,3.0,21.5,4.6,3.7,0.9,0.3,2.3,0.429,0.818,-1.53,0.24,1.22,0.96,-0.52,-0.07,-0.42,-0.76,-0.63,-0.17
Cameron Johnson,DEN,F,30.9,55.0,30.1,2.4,13.8,4.1,2.7,0.8,0.4,1.2,0.462,0.849,-0.31,0.42,0.63,-0.54,-0.76,-0.6,-0.7,-0.64,0.99,-0.17
Payton Pritchard,BOS,G,29.0,70.0,28.5,2.8,13.8,3.7,4.2,0.7,0.1,1.1,0.463,0.861,-0.32,0.27,0.95,-0.54,-0.92,0.16,-1.1,-1.14,1.13,-0.17
Brandin Podziemski,GS,G,23.9,69.0,27.6,1.9,13.1,5.3,4.0,1.0,0.2,1.4,0.46,0.784,-0.35,-0.16,0.12,-0.67,-0.23,0.06,-0.04,-1.01,0.75,-0.17
Kevin Porter Jr.,MIL,G,26.7,48.0,25.0,1.0,13.1,4.3,5.0,1.4,0.3,2.1,0.456,0.83,-0.43,0.3,-0.82,-0.69,-0.68,0.6,1.26,-0.78,-0.34,-0.17
Lucas Williamson,MEM,G,28.0,26.0,32.0,2.1,12.5,5.5,2.9,1.2,0.4,1.6,0.417,0.848,-1.19,0.34,0.28,-0.79,-0.15,-0.51,0.67,-0.62,0.39,-0.17
Shaedon Sharpe,POR,G,23.7,54.0,30.8,2.4,21.0,4.6,3.1,1.1,0.2,2.4,0.454,0.812,-0.76,0.14,0.55,0.86,-0.54,-0.4,0.23,-0.97,-0.71,-0.18
Ayo Dosunmu,CHI,G,27.0,61.0,28.6,1.8,13.5,3.3,3.8,0.9,0.3,1.4,0.504,0.842,0.42,0.27,-0.06,-0.6,-1.1,-0.02,-0.54,-0.68,0.71,-0.18
Tre Jones,CHI,G,27.1,59.0,25.4,0.7,11.2,3.2,5.5,1.0,0.2,1.3,0.532,0.844,0.7,0.37,-1.12,-1.05,-1.14,0.84,-0.12,-1.06,0.89,-0.19
Matas Buzelis,CHI,F,22.3,68.0,24.5,2.0,14.2,4.8,1.8,0.6,1.2,1.5,0.47,0.813,-0.18,0.1,0.21,-0.47,-0.44,-1.09,-1.52,1.16,0.54,-0.19
Grayson Allen,PHX,G,31.3,54.0,28.6,2.8,12.6,3.3,2.9,1.0,0.4,1.4,0.437,0.843,-0.7,0.33,0.99,-0.77,-1.1,-0.48,-0.08,-0.64,0.77,-0.19
Ryan Rollins,MIL,G,24.6,64.0,24.4,1.9,13.1,3.5,4.2,1.1,0.4,1.9,0.477,0.803,-0.06,0.01,0.12,-0.68,-1.02,0.17,0.4,-0.64,-0.02,-0.19
Derik Queen,NO,C,22.1,62.0,25.0,0.4,12.5,7.0,3.9,1.0,0.9,2.2,0.479,0.807,-0.01,0.05,-1.47,-0.79,0.49,0.02,-0.06,0.46,-0.46,-0.2
Nickeil Alexander-Walker,ATL,G,28.4,69.0,28.1,2.4,13.5,3.0,3.1,0.9,0.5,1.5,0.449,0.866,-0.54,0.53,0.64,-0.6,-1.22,-0.4,-0.38,-0.41,0.6,-0.2
Zach Edey,MEM,C,24.9,34.0,22.2,0.3,10.6,8.5,1.2,0.6,1.2,1.5,0.577,0.744,1.23,-0.48,-1.5,-1.16,1.13,-1.4,-1.49,1.25,0.64,-0.2
CJ McCollum,WSH,G,35.4,66.0,31.3,2.9,17.7,3.6,3.9,0.9,0.5,1.8,0.441,0.759,-0.98,-0.41,1.11,0.21,-0.95,0.02,-0.59,-0.39,0.18,-0.2
Santi Aldama,MEM,F,26.1,50.0,26.6,1.9,12.9,6.3,2.9,0.8,0.6,1.2,0.471,0.681,-0.16,-0.87,0.12,-0.72,0.17,-0.51,-0.81,-0.08,1.04,-0.2
Christian Braun,DEN,G,25.8,52.0,29.0,1.1,12.7,4.6,2.5,0.8,0.4,0.9,0.539,0.797,0.9,-0.05,-0.71,-0.76,-0.52,-0.7,-0.79,-0.59,1.4,-0.2
Jrue Holiday,POR,G,36.6,55.0,30.8,2.1,12.0,4.6,4.7,1.0,0.4,1.9,0.447,0.843,-0.56,0.2,0.29,-0.89,-0.53,0.42,-0.15,-0.54,-0.06,-0.2
Kelly Oubre Jr.,PHI,G,31.1,53.0,32.3,1.5,13.9,5.3,1.6,1.3,0.5,1.4,0.453,0.753,-0.53,-0.53,-0.3,-0.52,-0.23,-1.16,0.94,-0.29,0.79,-0.2
Kyshawn George,WSH,F,23.1,53.0,27.6,2.1,12.8,4.7,3.8,1.0,0.8,1.9,0.424,0.801,-1.01,-0.01,0.3,-0.74,-0.5,-0.06,-0.08,0.26,-0.05,-0.21
Bilal Coulibaly,WSH,G,22.5,56.0,28.8,1.3,12.9,4.6,3.1,1.2,0.8,1.7,0.443,0.764,-0.64,-0.48,-0.49,-0.72,-0.54,-0.42,0.71,0.28,0.37,-0.22
Julian Reese,WSH,F,23.6,28.0,30.9,0.4,13.5,9.6,2.3,1.2,0.6,2.1,0.517,0.688,0.65,-1.46,-1.47,-0.61,1.61,-0.82,0.62,-0.1,-0.35,-0.22
Toumani Camara,POR,F,26.7,71.0,31.2,2.1,11.6,5.3,2.2,1.2,0.5,1.5,0.45,0.731,-0.48,-0.44,0.29,-0.97,-0.25,-0.87,0.57,-0.37,0.56,-0.22
Jordan Poole,NO,G,27.6,48.0,28.1,3.1,17.4,2.7,4.2,1.0,0.4,2.4,0.412,0.878,-1.65,0.92,1.28,0.16,-1.37,0.17,-0.13,-0.66,-0.72,-0.22
Nic Claxton,BKN,C,27.8,64.0,28.0,0.1,11.5,7.7,2.9,0.7,1.3,1.3,0.577,0.585,1.39,-2.27,-1.76,-1.0,0.8,-0.51,-1.03,1.53,0.83,-0.22
Julius Randle,MIN,F,32.2,68.0,33.2,1.5,19.2,7.1,4.8,0.9,0.2,2.8,0.47,0.794,-0.24,-0.17,-0.3,0.51,0.53,0.47,-0.61,-0.92,-1.37,-0.23
Norman Powell,MIA,G,33.7,57.0,29.6,2.6,17.5,3.1,1.9,1.0,0.2,1.6,0.466,0.812,-0.3,0.13,0.84,0.19,-1.19,-1.03,-0.26,-0.93,0.49,-0.23
Bradley Beal,LAC,G,33.6,30.0,31.7,1.9,14.9,3.5,3.9,1.0,0.5,2.0,0.481,0.794,0.02,-0.07,0.06,-0.33,-0.99,-0.01,-0.14,-0.42,-0.21,-0.23
Reed Sheppard,HOU,G,22.6,68.0,21.6,2.4,11.3,2.5,3.0,1.2,0.5,1.2,0.426,0.815,-0.88,0.05,0.55,-1.03,-1.44,-0.48,0.45,-0.28,0.98,-0.23
Cedric Coward,MEM,F,23.4,53.0,25.8,1.6,14.2,5.8,2.9,0.7,0.4,1.7,0.473,0.848,-0.12,0.48,-0.2,-0.47,-0.01,-0.49,-1.16,-0.48,0.36,-0.23
Ty Jerome,MEM,G,29.6,36.0,20.3,1.9,12.9,2.5,3.8,1.0,0.1,1.4,0.488,0.864,0.14,0.51,0.05,-0.71,-1.42,-0.06,-0.23,-1.18,0.8,-0.23
Andrew Wiggins,MIA,F,31.9,62.0,29.6,1.9,14.4,4.6,2.4,0.9,0.8,1.5,0.452,0.762,-0.56,-0.41,0.09,-0.42,-0.55,-0.79,-0.38,0.3,0.61,-0.23
Anfernee Simons,BOS,G,27.7,56.0,30.0,3.2,17.9,2.8,4.2,0.7,0.1,1.8,0.43,0.905,-1.24,0.94,1.42,0.26,-1.3,0.15,-1.28,-1.17,0.08,-0.24
P.J. Washington,DAL,F,28.4,56.0,31.2,1.7,13.8,6.7,2.1,1.0,0.9,1.7,0.446,0.705,-0.67,-1.04,-0.13,-0.55,0.38,-0.95,-0.08,0.58,0.31,-0.24
Al Horford,GS,C,40.7,50.0,25.3,1.7,7.8,5.6,2.3,0.7,1.0,0.9,0.444,0.848,-0.4,0.1,-0.12,-1.71,-0.1,-0.8,-1.31,0.68,1.51,-0.24
Chris Paul,LAC,G,41.7,38.0,25.6,1.4,7.4,3.4,6.3,1.2,0.2,1.4,0.426,0.869,-0.58,0.21,-0.41,-1.8,-1.05,1.26,0.47,-0.98,0.71,-0.24
Ace Bailey,UTAH,G,20.5,58.0,27.6,2.1,15.2,4.3,2.1,0.9,0.7,1.5,0.452,0.773,-0.62,-0.17,0.31,-0.27,-0.67,-0.93,-0.55,0.02,0.6,-0.25
Cormac Ryan,MIL,G,28.3,28.0,24.5,2.2,13.0,3.0,2.0,0.9,0.4,1.5,0.491,0.865,0.17,0.53,0.42,-0.7,-1.21,-0.97,-0.54,-0.65,0.66,-0.25
Maxime Raynaud,SAC,C,23.8,59.0,26.6,0.4,13.1,7.4,1.5,0.6,0.5,1.3,0.564,0.795,1.36,-0.07,-1.43,-0.67,0.67,-1.23,-1.54,-0.3,0.88,-0.26
Aaron Nesmith,IND,G,27.3,49.0,27.6,2.2,12.8,4.0,1.7,0.8,0.5,1.1,0.464,0.837,-0.27,0.27,0.43,-0.73,-0.81,-1.15,-0.95,-0.34,1.18,-0.26
Trevon Scott,BKN,F,30.2,25.0,30.5,1.3,11.0,5.2,2.3,1.1,0.7,1.3,0.452,0.752,-0.46,-0.35,-0.56,-1.08,-0.26,-0.84,0.23,0.11,0.86,-0.26
Alex Caruso,OKC,G,32.9,55.0,21.8,1.3,7.2,3.1,2.5,1.4,0.5,1.0,0.442,0.787,-0.38,-0.06,-0.51,-1.84,-1.18,-0.71,1.23,-0.24,1.31,-0.26
Bennedict Mathurin,IND,G,24.6,56.0,29.0,1.6,17.5,5.1,2.3,0.7,0.3,1.9,0.452,0.864,-0.6,1.24,-0.24,0.19,-0.34,-0.8,-1.07,-0.83,-0.0,-0.27
Collin Sexton,CHA,G,28.1,62.0,25.8,1.8,16.8,2.5,4.1,0.9,0.2,2.2,0.478,0.86,-0.04,0.84,-0.02,0.05,-1.43,0.11,-0.49,-1.09,-0.39,-0.27
Robert Williams III,POR,C,29.3,54.0,17.3,0.2,6.6,6.5,1.1,0.6,1.3,0.9,0.649,0.685,1.27,-0.45,-1.66,-1.94,0.26,-1.45,-1.5,1.42,1.5,-0.28
Matisse Thybulle,POR,G,29.9,38.0,20.0,1.3,6.0,2.3,1.3,1.6,0.6,0.8,0.438,0.744,-0.35,-0.16,-0.49,-2.06,-1.53,-1.32,1.94,-0.16,1.57,-0.29
Kennedy Chandler,UTAH,G,24.4,28.0,32.2,1.6,15.7,3.9,6.3,1.0,0.3,2.0,0.457,0.698,-0.48,-1.47,-0.26,-0.18,-0.83,1.28,0.08,-0.68,-0.07,-0.29
De'Anthony Melton,GS,G,28.7,47.0,24.0,1.8,11.6,3.4,2.8,1.4,0.4,1.6,0.405,0.82,-1.28,0.15,-0.04,-0.97,-1.06,-0.58,1.21,-0.57,0.5,-0.29
Bobby Portis,MIL,F,32.0,60.0,24.5,1.6,12.6,7.0,1.6,0.7,0.3,1.1,0.475,0.77,-0.09,-0.15,-0.2,-0.78,0.49,-1.18,-1.18,-0.71,1.17,-0.29
Scotty Pippen Jr.,MEM,G,26.2,35.0,21.8,1.3,10.8,3.2,4.6,1.3,0.4,1.9,0.478,0.741,-0.02,-0.53,-0.55,-1.13,-1.15,0.4,0.88,-0.61,0.03,-0.3
Collin Gillespie,PHX,G,27.6,65.0,23.2,2.4,10.2,3.4,3.8,1.0,0.2,1.2,0.425,0.85,-0.78,0.18,0.54,-1.25,-1.07,-0.05,-0.17,-1.05,0.98,-0.3
Stephon Castle,SA,G,22.2,65.0,28.4,1.4,17.5,4.6,6.5,1.0,0.3,2.6,0.46,0.751,-0.45,-1.07,-0.44,0.18,-0.53,1.36,0.06,-0.81,-1.03,-0.3
Dylan Harper,SA,G,20.9,57.0,22.7,1.1,13.0,3.5,4.1,0.8,0.4,1.4,0.507,0.781,0.48,-0.16,-0.75,-0.69,-0.99,0.13,-0.85,-0.67,0.75,-0.31
Jeremiah Fears,NO,G,20.3,63.0,25.7,1.4,15.6,3.8,3.7,1.2,0.4,2.1,0.444,0.806,-0.8,0.05,-0.43,-0.19,-0.9,-0.07,0.45,-0.62,-0.25,-0.31
Ajay Mitchell,OKC,G,24.6,54.0,22.7,1.0,11.6,2.9,3.1,1.0,0.3,1.2,0.486,0.865,0.1,0.55,-0.81,-0.97,-1.26,-0.38,-0.12,-0.88,1.01,-0.31
Justin Champagnie,WSH,F,25.6,62.0,20.6,1.0,8.9,5.5,1.2,0.9,0.6,0.8,0.501,0.761,0.25,-0.22,-0.78,-1.49,-0.17,-1.37,-0.5,-0.14,1.62,-0.31
Ryan Kalkbrenner,CHA,C,25.0,56.0,21.4,0.1,8.0,5.4,0.9,0.5,1.3,0.9,0.704,0.73,1.81,-0.48,-1.77,-1.67,-0.21,-1.54,-1.79,1.44,1.39,-0.31
Kadary Richmond,WSH,G,25.4,24.0,22.0,1.1,10.1,3.7,2.6,1.0,0.4,1.1,0.504,0.818,0.31,0.11,-0.77,-1.25,-0.91,-0.66,-0.23,-0.54,1.13,-0.31
Julian Champagnie,SA,F,25.6,72.0,24.5,2.3,10.3,4.4,1.6,0.7,0.5,0.9,0.432,0.863,-0.65,0.34,0.49,-1.23,-0.61,-1.2,-1.03,-0.43,1.5,-0.31
Andrew Nembhard,IND,G,27.0,57.0,28.9,1.4,12.6,2.8,6.0,1.0,0.1,1.9,0.459,0.818,-0.35,0.15,-0.47,-0.77,-1.3,1.09,-0.1,-1.12,0.0,-0.32
Collin Murray-Boyles,TOR,F,21.6,50.0,21.8,0.4,9.5,5.0,2.1,0.9,0.8,1.1,0.572,0.689,1.05,-0.91,-1.43,-1.38,-0.37,-0.94,-0.53,0.43,1.21,-0.32
Royce O'Neale,PHX,F,33.7,68.0,26.2,2.4,8.4,4.6,2.5,0.9,0.4,1.1,0.414,0.717,-0.81,-0.15,0.62,-1.59,-0.53,-0.74,-0.43,-0.46,1.18,-0.32
Draymond Green,GS,F,36.9,63.0,28.0,1.3,8.0,5.9,5.4,1.1,0.8,2.5,0.433,0.699,-0.54,-0.55,-0.58,-1.68,0.03,0.78,0.22,0.29,-0.89,-0.32
Wendell Carter Jr.,ORL,C,27.8,68.0,27.5,0.9,10.7,7.1,2.0,0.7,0.6,1.2,0.497,0.762,0.23,-0.42,-0.91,-1.14,0.55,-0.98,-1.0,-0.2,0.96,-0.32
Hayden Gray,UTAH,G,23.7,22.0,25.0,1.2,11.8,3.6,2.6,0.9,0.6,1.4,0.492,0.814,0.19,0.1,-0.63,-0.93,-0.95,-0.69,-0.62,-0.22,0.78,-0.33
Egor Demin,BKN,G,20.9,48.0,25.1,2.6,11.6,3.3,3.6,0.8,0.3,1.6,0.424,0.839,-0.9,0.22,0.8,-0.96,-1.09,-0.12,-0.67,-0.68,0.43,-0.33
Cam Spencer,MEM,G,26.8,60.0,20.8,1.8,9.7,2.3,4.7,0.7,0.2,1.1,0.47,0.933,-0.11,0.81,0.0,-1.34,-1.52,0.41,-1.34,-1.11,1.2,-0.33
Keon Ellis,SAC,G,27.1,66.0,21.3,1.6,7.3,2.3,1.4,1.2,0.6,0.7,0.469,0.788,-0.1,-0.06,-0.27,-1.82,-1.54,-1.31,0.47,-0.07,1.69,-0.33
Kyle Filipowski,UTAH,F,23.2,68.0,22.4,1.2,11.6,6.7,2.5,0.8,0.4,1.5,0.502,0.734,0.33,-0.69,-0.68,-0.97,0.36,-0.69,-0.71,-0.54,0.58,-0.33
Luguentz Dort,OKC,G,27.8,64.0,28.1,2.2,9.8,3.8,1.5,0.9,0.5,0.9,0.422,0.791,-0.8,-0.05,0.43,-1.32,-0.89,-1.24,-0.28,-0.39,1.53,-0.34
Aaron Gordon,DEN,F,31.4,45.0,29.3,1.3,13.7,5.6,3.1,0.6,0.4,1.3,0.515,0.739,0.58,-0.81,-0.57,-0.56,-0.12,-0.4,-1.41,-0.59,0.81,-0.34
Dylan Cardwell,SAC,C,25.1,44.0,20.7,0.2,6.3,7.2,1.5,0.7,1.3,1.0,0.572,0.587,0.75,-1.08,-1.68,-2.0,0.56,-1.21,-1.22,1.4,1.38,-0.34
Kris Dunn,LAC,G,32.9,70.0,24.5,0.9,6.3,3.2,3.3,1.4,0.3,1.2,0.46,0.74,-0.18,-0.15,-0.9,-2.01,-1.14,-0.3,1.4,-0.81,1.0,-0.34
Jerami Grant,POR,F,32.9,55.0,31.6,2.3,16.3,3.5,2.3,0.8,0.7,1.9,0.423,0.814,-1.2,0.19,0.48,-0.05,-1.03,-0.84,-0.78,0.09,0.03,-0.34
Malik Monk,SAC,G,29.0,60.0,26.3,2.2,14.2,2.8,4.4,0.7,0.5,1.9,0.435,0.854,-0.9,0.43,0.36,-0.46,-1.31,0.29,-1.1,-0.41,-0.03,-0.35
Neemias Queta,BOS,C,27.6,66.0,20.0,0.0,8.0,6.2,1.3,0.6,1.0,0.8,0.633,0.721,1.38,-0.52,-1.8,-1.68,0.16,-1.34,-1.56,0.67,1.54,-0.35
RJ Barrett,TOR,F,26.6,56.0,31.3,1.9,20.5,5.6,4.2,0.7,0.3,2.2,0.482,0.696,0.07,-2.04,0.08,0.77,-0.09,0.2,-1.04,-0.72,-0.41,-0.36
Lawson Lovering,MEM,C,23.7,23.0,25.0,1.0,11.5,5.6,2.5,0.9,0.5,1.3,0.5,0.71,0.3,-0.87,-0.84,-1.0,-0.13,-0.72,-0.43,-0.35,0.82,-0.36
Isaiah Stewart,DET,F,25.7,58.0,23.1,0.8,9.2,5.5,1.6,0.4,1.3,1.1,0.539,0.77,0.66,-0.23,-1.07,-1.44,-0.15,-1.18,-2.25,1.33,1.11,-0.36
Malachi Smith,BKN,G,27.2,30.0,23.9,1.4,9.4,3.6,3.2,0.8,0.3,1.1,0.49,0.85,0.13,0.2,-0.44,-1.41,-0.97,-0.36,-0.83,-0.7,1.15,-0.36
Peyton Watson,DEN,G,24.4,56.0,24.4,1.1,10.8,3.9,1.7,0.7,1.1,1.1,0.489,0.727,0.13,-0.72,-0.74,-1.12,-0.83,-1.13,-1.01,1.02,1.14,-0.36
Max Strus,CLE,G,30.8,33.0,28.2,2.5,10.3,4.6,3.4,0.7,0.3,1.3,0.429,0.794,-0.75,-0.03,0.68,-1.22,-0.54,-0.27,-1.23,-0.81,0.88,-0.37
Rui Hachimura,LAL,F,29.0,62.0,28.9,1.7,12.1,4.1,1.2,0.7,0.4,0.8,0.512,0.74,0.5,-0.35,-0.09,-0.87,-0.77,-1.42,-1.33,-0.67,1.68,-0.37
Moses Moody,GS,G,24.7,59.0,22.4,2.1,11.1,3.0,1.5,0.8,0.4,0.8,0.451,0.799,-0.41,-0.02,0.3,-1.07,-1.22,-1.25,-0.74,-0.47,1.56,-0.37
Jusuf Nurkic,UTAH,C,32.4,48.0,25.0,0.5,9.5,9.4,3.5,1.0,0.7,2.2,0.488,0.622,0.1,-1.73,-1.3,-1.38,1.52,-0.17,-0.15,0.12,-0.36,-0.37
De'Andre Hunter,CLE,F,29.2,51.0,27.5,2.2,14.8,4.0,1.7,0.7,0.2,1.5,0.444,0.85,-0.68,0.59,0.38,-0.34,-0.8,-1.13,-1.07,-0.99,0.64,-0.38
Javon Small,MEM,G,24.1,42.0,20.8,1.6,10.3,3.3,3.8,0.8,0.3,1.3,0.472,0.829,-0.1,0.21,-0.25,-1.23,-1.11,-0.04,-0.83,-0.88,0.83,-0.38
Mitchell Robinson,NY,C,28.8,54.0,20.2,0.1,5.8,8.0,0.9,0.9,1.0,0.8,0.643,0.471,1.08,-2.03,-1.79,-2.11,0.93,-1.56,-0.44,0.83,1.67,-0.38
D'Angelo Russell,DAL,G,30.9,41.0,26.9,2.3,13.2,2.8,5.2,0.8,0.3,1.9,0.417,0.802,-1.19,-0.01,0.47,-0.66,-1.3,0.71,-0.75,-0.68,0.0,-0.38
Keldon Johnson,SA,F,27.3,71.0,24.8,1.4,13.6,5.1,1.9,0.6,0.2,1.1,0.487,0.792,0.12,-0.1,-0.38,-0.59,-0.3,-1.05,-1.4,-0.96,1.24,-0.38
Quentin Grimes,PHI,G,26.7,67.0,26.8,2.0,12.8,3.6,2.9,0.9,0.3,1.6,0.449,0.806,-0.52,0.04,0.17,-0.74,-0.97,-0.5,-0.58,-0.79,0.47,-0.38
Miles McBride,NY,G,26.4,49.0,23.7,2.2,10.3,2.2,2.6,0.9,0.2,0.7,0.43,0.82,-0.74,0.07,0.42,-1.23,-1.55,-0.67,-0.56,-0.99,1.77,-0.39
Scoot Henderson,POR,G,23.0,44.0,26.8,2.0,15.7,3.1,5.6,0.9,0.2,2.7,0.423,0.831,-1.22,0.4,0.16,-0.17,-1.19,0.93,-0.29,-0.92,-1.2,-0.39
Josh Oduro,NO,C,26.3,24.0,27.0,0.9,11.6,6.1,2.3,0.8,0.4,1.3,0.513,0.717,0.49,-0.77,-0.97,-0.96,0.12,-0.82,-0.9,-0.6,0.84,-0.4
Ziaire Williams,BKN,F,25.4,56.0,23.1,1.7,10.4,3.5,1.4,1.0,0.3,1.1,0.424,0.846,-0.79,0.36,-0.14,-1.2,-1.01,-1.28,0.05,-0.67,1.12,-0.4
Naji Marshall,DAL,F,29.0,66.0,26.5,0.9,12.3,4.4,2.9,1.0,0.1,1.5,0.497,0.778,0.27,-0.25,-0.91,-0.83,-0.62,-0.51,-0.23,-1.13,0.64,-0.4
Jaime Jaquez Jr.,MIA,F,26.0,66.0,26.0,0.8,12.8,4.5,3.7,0.8,0.3,1.7,0.493,0.784,0.22,-0.18,-1.0,-0.74,-0.58,-0.11,-0.66,-0.88,0.3,-0.4
Mike Conley,MIN,G,39.3,56.0,23.7,1.7,7.1,2.4,4.1,1.0,0.2,1.0,0.409,0.886,-0.7,0.33,-0.17,-1.85,-1.5,0.13,-0.26,-0.92,1.29,-0.41
Dillon Brooks,PHX,F,31.0,58.0,31.1,2.3,14.8,3.6,1.7,0.9,0.2,1.4,0.425,0.829,-1.19,0.22,0.49,-0.35,-0.99,-1.12,-0.49,-1.04,0.8,-0.41
Tyler Burton,MEM,F,27.0,28.0,25.5,1.8,11.4,4.3,1.5,0.9,0.4,1.2,0.423,0.827,-0.92,0.22,0.0,-1.01,-0.68,-1.25,-0.54,-0.57,1.07,-0.41
Kevin Huerter,CHI,G,28.4,63.0,23.6,1.8,10.0,3.3,2.5,0.9,0.4,1.0,0.44,0.761,-0.58,-0.14,0.02,-1.29,-1.1,-0.7,-0.62,-0.6,1.32,-0.41
Cam Thomas,BKN,G,25.3,46.0,27.1,2.2,19.8,2.7,3.2,0.5,0.2,1.9,0.434,0.859,-1.22,1.05,0.35,0.63,-1.35,-0.35,-1.75,-1.08,-0.0,-0.41
Kentavious Caldwell-Pope,MEM,G,34.0,55.0,27.5,1.4,8.3,2.3,2.2,1.1,0.4,1.0,0.433,0.873,-0.55,0.34,-0.41,-1.61,-1.51,-0.88,0.23,-0.63,1.29,-0.42
Obi Toppin,IND,F,28.9,42.0,19.8,1.5,10.3,4.0,1.8,0.6,0.3,0.9,0.527,0.809,0.6,0.03,-0.34,-1.22,-0.81,-1.1,-1.65,-0.7,1.43,-0.42
Anthony Black,ORL,G,23.0,62.0,24.7,1.2,11.6,3.1,3.2,1.1,0.6,1.6,0.452,0.75,-0.43,-0.58,-0.62,-0.97,-1.16,-0.33,0.17,-0.22,0.38,-0.42
Luke Kornet,SA,C,31.5,64.0,19.1,0.0,6.0,5.2,1.6,0.5,0.9,0.5,0.64,0.786,1.05,-0.08,-1.81,-2.07,-0.26,-1.2,-2.0,0.51,2.11,-0.42
Isaiah Joe,OKC,G,27.6,65.0,20.7,2.6,10.1,2.5,1.5,0.6,0.2,0.6,0.451,0.873,-0.37,0.31,0.76,-1.27,-1.42,-1.25,-1.35,-1.05,1.86,-0.42
Zaccharie Risacher,ATL,F,21.8,63.0,23.4,1.8,12.4,3.8,1.4,0.8,0.5,1.1,0.468,0.71,-0.19,-0.67,-0.06,-0.82,-0.89,-1.3,-0.77,-0.34,1.23,-0.42
Jordan Goodwin,PHX,G,28.3,60.0,20.9,1.3,7.6,4.5,2.2,1.1,0.3,1.0,0.411,0.733,-0.83,-0.22,-0.5,-1.75,-0.57,-0.85,0.42,-0.86,1.34,-0.42
Chaney Johnson,BKN,F,24.6,30.0,20.3,0.7,9.0,4.4,2.2,0.8,0.5,1.2,0.522,0.802,0.47,-0.01,-1.13,-1.47,-0.61,-0.85,-0.93,-0.39,1.09,-0.43
Bogdan Bogdanovic,LAC,G,34.5,39.0,26.2,2.3,11.2,3.0,2.6,0.9,0.2,1.4,0.414,0.87,-1.08,0.34,0.47,-1.06,-1.21,-0.64,-0.6,-0.9,0.79,-0.43
Brice Sensabaugh,UTAH,F,23.3,66.0,21.7,2.3,13.6,3.1,2.0,0.7,0.2,1.6,0.461,0.861,-0.34,0.47,0.53,-0.57,-1.17,-0.99,-1.25,-1.09,0.51,-0.43
Marcus Smart,LAL,G,32.9,56.0,26.4,1.6,9.4,2.6,3.1,1.3,0.3,1.7,0.405,0.791,-1.0,-0.09,-0.21,-1.41,-1.39,-0.4,0.98,-0.72,0.33,-0.43
Jake LaRavia,LAL,F,25.2,70.0,23.3,1.1,8.7,3.9,2.1,1.1,0.4,1.2,0.46,0.763,-0.22,-0.31,-0.69,-1.54,-0.82,-0.91,0.12,-0.57,1.05,-0.43
Moussa Diabate,CHA,F,25.0,66.0,21.6,0.1,7.3,7.3,1.5,0.7,0.7,0.9,0.611,0.654,1.07,-1.19,-1.8,-1.81,0.61,-1.23,-1.13,0.15,1.41,-0.44
Goga Bitadze,ORL,C,27.5,61.0,17.2,0.1,6.3,5.4,1.6,0.6,1.0,0.8,0.618,0.682,0.98,-0.73,-1.77,-2.0,-0.2,-1.18,-1.54,0.87,1.57,-0.45
Jaylen Wells,MEM,F,23.4,64.0,26.1,2.1,12.7,3.4,1.9,0.8,0.1,1.0,0.44,0.815,-0.68,0.11,0.24,-0.76,-1.07,-1.04,-0.96,-1.15,1.29,-0.45
Derrick Jones Jr.,LAC,F,30.0,55.0,24.9,1.1,9.3,3.4,1.1,0.9,0.6,0.9,0.499,0.728,0.23,-0.45,-0.71,-1.42,-1.07,-1.46,-0.59,-0.04,1.49,-0.45
Bub Carrington,WSH,G,21.5,71.0,28.7,2.2,11.7,3.8,5.1,0.7,0.2,2.0,0.429,0.783,-0.85,-0.11,0.38,-0.94,-0.88,0.64,-1.18,-0.92,-0.18,-0.45
Jalen Smith,CHI,F,26.9,55.0,17.7,1.4,9.4,5.8,1.2,0.4,0.6,0.8,0.499,0.757,0.22,-0.27,-0.47,-1.41,-0.01,-1.41,-2.32,-0.01,1.61,-0.45
Lonzo Ball,CLE,G,29.3,43.0,21.4,1.5,6.3,3.7,3.6,1.1,0.4,1.3,0.37,0.754,-1.13,-0.15,-0.29,-2.0,-0.93,-0.16,0.37,-0.67,0.85,-0.46
Jay Huff,IND,C,29.4,69.0,16.3,1.3,7.7,3.0,1.1,0.4,1.2,0.7,0.482,0.811,0.02,0.03,-0.52,-1.74,-1.24,-1.45,-2.23,1.31,1.69,-0.46
Russell Westbrook,SAC,G,38.2,62.0,27.0,1.4,12.0,5.0,5.6,1.2,0.3,2.9,0.431,0.678,-0.87,-1.14,-0.46,-0.88,-0.35,0.9,0.79,-0.69,-1.41,-0.46
Jaden Ivey,DET,G,25.0,44.0,25.4,1.9,14.7,3.3,3.5,0.8,0.4,2.0,0.449,0.773,-0.6,-0.36,0.11,-0.36,-1.09,-0.17,-0.93,-0.51,-0.2,-0.46
Sam Hauser,BOS,F,29.1,68.0,23.1,2.6,8.8,3.5,1.2,0.5,0.3,0.5,0.436,0.86,-0.54,0.06,0.77,-1.53,-1.01,-1.38,-1.76,-0.87,2.1,-0.46
Blake Hinson,UTAH,F,27.1,29.0,20.4,2.3,11.0,2.7,1.5,0.6,0.2,0.8,0.487,0.769,0.1,-0.18,0.54,-1.09,-1.36,-1.26,-1.66,-0.9,1.67,-0.46
Duncan Robinson,DET,F,32.8,68.0,26.5,2.8,11.1,2.5,2.3,0.6,0.2,1.0,0.442,0.808,-0.56,0.02,0.97,-1.06,-1.44,-0.82,-1.53,-0.98,1.25,-0.46
Max Christie,DAL,G,24.0,68.0,25.2,1.9,10.4,3.1,1.9,0.6,0.3,1.1,0.446,0.881,-0.47,0.53,0.06,-1.21,-1.19,-1.04,-1.37,-0.7,1.21,-0.46
Jonathan Kuminga,GS,F,24.3,45.0,24.7,1.1,15.8,5.0,2.5,0.7,0.4,1.6,0.49,0.73,0.21,-1.21,-0.78,-0.15,-0.36,-0.71,-1.01,-0.56,0.38,-0.47
Yves Missi,NO,C,22.7,62.0,23.0,0.0,8.3,6.9,1.5,0.5,1.3,1.0,0.554,0.624,0.77,-1.59,-1.8,-1.62,0.47,-1.24,-2.02,1.5,1.33,-0.47
Luke Kennard,ATL,G,30.6,68.0,22.6,1.8,8.6,2.6,2.8,0.7,0.1,1.0,0.492,0.886,0.13,0.29,0.01,-1.55,-1.4,-0.58,-1.21,-1.22,1.31,-0.47
Day'Ron Sharpe,BKN,C,25.2,58.0,17.6,0.2,8.4,6.4,2.1,0.8,0.6,1.4,0.564,0.693,0.85,-0.88,-1.64,-1.59,0.26,-0.93,-0.87,-0.18,0.76,-0.47
John Konchar,MEM,G,30.9,54.0,18.2,0.6,4.0,4.0,1.7,1.0,0.6,0.7,0.466,0.767,-0.08,-0.08,-1.24,-2.46,-0.79,-1.12,-0.13,-0.15,1.82,-0.47
Noah Clowney,BKN,F,22.5,60.0,24.4,2.0,11.6,4.1,1.5,0.7,0.6,1.3,0.408,0.821,-1.1,0.2,0.18,-0.98,-0.77,-1.25,-1.27,-0.15,0.91,-0.47
Jamir Watkins,WSH,G,25.6,46.0,21.5,1.1,8.3,4.0,1.5,1.0,0.5,0.9,0.462,0.716,-0.2,-0.58,-0.77,-1.62,-0.78,-1.22,-0.13,-0.35,1.44,-0.47
Klay Thompson,DAL,G,37.0,64.0,25.7,3.0,12.4,2.8,1.8,0.6,0.4,1.2,0.403,0.862,-1.44,0.22,1.22,-0.8,-1.3,-1.1,-1.46,-0.6,1.03,-0.47
T.J. McConnell,IND,G,34.9,58.0,17.8,0.3,8.6,2.4,4.7,0.9,0.2,1.3,0.515,0.776,0.44,-0.07,-1.58,-1.57,-1.48,0.43,-0.28,-1.01,0.87,-0.47
Isaiah Collier,UTAH,G,22.3,59.0,25.8,0.6,11.6,3.0,7.5,1.0,0.3,2.6,0.475,0.731,-0.07,-0.88,-1.19,-0.97,-1.21,1.88,0.01,-0.8,-1.01,-0.47
Grant Williams,CHA,F,28.2,42.0,25.1,1.7,9.3,4.2,2.1,0.6,0.5,1.3,0.453,0.795,-0.32,-0.05,-0.07,-1.42,-0.71,-0.91,-1.38,-0.32,0.92,-0.47
Paul Reed,DET,F,27.6,59.0,14.7,0.3,6.8,4.4,1.3,0.8,0.8,0.8,0.558,0.708,0.66,-0.46,-1.58,-1.91,-0.6,-1.36,-0.9,0.26,1.61,-0.47
Taylor Hendricks,UTAH,F,23.2,52.0,19.9,1.3,8.3,4.1,1.1,0.8,0.6,0.8,0.467,0.734,-0.15,-0.33,-0.51,-1.61,-0.77,-1.46,-0.79,-0.21,1.55,-0.48
Jeremy Sochan,SA,F,23.7,49.0,21.9,0.7,10.2,5.2,2.6,0.7,0.4,1.3,0.496,0.758,0.22,-0.32,-1.11,-1.24,-0.3,-0.68,-1.15,-0.6,0.88,-0.48
GG Jackson,MEM,F,22.1,52.0,21.6,1.7,13.6,4.1,1.6,0.6,0.6,1.4,0.466,0.77,-0.25,-0.37,-0.12,-0.58,-0.76,-1.2,-1.59,-0.21,0.76,-0.48
Ja'Kobe Walter,TOR,G,22.4,63.0,20.7,1.6,8.8,2.8,1.5,0.9,0.2,0.7,0.444,0.807,-0.42,0.03,-0.22,-1.52,-1.3,-1.24,-0.4,-0.99,1.7,-0.48
Toby Okani,MEM,F,25.3,25.0,36.2,1.8,13.7,4.5,2.0,1.0,0.6,1.4,0.434,0.589,-1.0,-1.9,-0.06,-0.55,-0.6,-0.97,0.07,-0.12,0.76,-0.48
Tyus Jones,ORL,G,30.7,64.0,22.6,1.4,7.5,2.0,4.5,0.8,0.1,0.8,0.442,0.836,-0.43,0.06,-0.38,-1.77,-1.65,0.35,-0.95,-1.17,1.56,-0.49
John Poulakidas,DAL,G,23.8,28.0,19.5,2.2,9.5,2.7,1.3,0.6,0.3,0.7,0.457,0.813,-0.28,0.05,0.38,-1.38,-1.37,-1.35,-1.45,-0.69,1.71,-0.49
Tre Johnson,WSH,G,20.9,52.0,24.0,2.1,13.4,3.0,2.3,0.6,0.3,1.5,0.432,0.877,-0.93,0.49,0.3,-0.62,-1.23,-0.82,-1.41,-0.74,0.57,-0.49
Precious Achiuwa,SAC,PF,27.4,64.0,22.4,0.4,8.6,6.3,1.3,0.8,0.7,1.0,0.513,0.596,0.4,-1.26,-1.48,-1.55,0.18,-1.33,-0.87,0.12,1.39,-0.49
Dru Smith,MIA,G,29.1,58.0,16.6,0.7,5.8,2.4,2.4,1.2,0.3,0.8,0.443,0.818,-0.3,0.08,-1.16,-2.11,-1.46,-0.78,0.53,-0.76,1.54,-0.49
Jose Alvarado,NO,G,28.8,62.0,20.9,1.7,8.1,2.4,3.5,1.0,0.2,1.2,0.409,0.765,-0.87,-0.13,-0.14,-1.66,-1.47,-0.22,-0.05,-1.01,1.09,-0.49
Jaylon Tyson,CLE,G,24.2,60.0,20.7,1.6,10.3,4.0,1.9,0.6,0.3,1.2,0.487,0.762,0.09,-0.21,-0.26,-1.23,-0.79,-1.03,-1.38,-0.79,1.09,-0.5
Jaylin Williams,OKC,F,24.6,59.0,17.0,1.4,6.6,4.9,2.4,0.5,0.5,0.8,0.444,0.805,-0.31,0.01,-0.42,-1.95,-0.42,-0.76,-1.96,-0.28,1.58,-0.5
Sam Merrill,CLE,G,30.7,55.0,21.6,2.5,9.0,2.3,1.9,0.6,0.2,0.6,0.43,0.872,-0.61,0.2,0.69,-1.48,-1.53,-1.03,-1.53,-1.11,1.87,-0.5
Caris LeVert,DET,G,32.4,58.0,23.7,1.4,9.9,2.9,3.4,0.9,0.5,1.4,0.43,0.72,-0.72,-0.59,-0.41,-1.3,-1.26,-0.24,-0.48,-0.25,0.74,-0.5
Aaron Wiggins,OKC,G,28.1,62.0,20.5,1.5,9.5,3.1,1.6,0.8,0.3,1.0,0.474,0.787,-0.08,-0.06,-0.36,-1.38,-1.16,-1.19,-0.86,-0.78,1.33,-0.51
Harrison Barnes,SA,F,34.7,69.0,27.1,1.8,10.3,3.1,1.6,0.6,0.2,0.7,0.47,0.805,-0.13,0.02,0.02,-1.22,-1.17,-1.18,-1.5,-1.07,1.68,-0.51
Brandon Clarke,MEM,F,30.4,29.0,18.8,0.1,8.0,4.8,1.1,0.7,0.5,0.7,0.57,0.682,0.93,-0.59,-1.73,-1.67,-0.45,-1.43,-1.03,-0.32,1.74,-0.51
Daeqwon Plowden,SAC,G,28.4,39.0,24.4,1.9,10.4,3.0,1.3,0.7,0.2,0.9,0.452,0.841,-0.38,0.22,0.08,-1.21,-1.22,-1.33,-1.22,-0.92,1.41,-0.51
Will Richard,GS,G,24.1,56.0,20.0,1.1,7.0,2.6,1.5,1.0,0.2,0.8,0.483,0.842,0.03,0.14,-0.72,-1.86,-1.41,-1.25,0.02,-1.09,1.56,-0.51
Tristan da Silva,ORL,F,25.7,68.0,23.5,1.5,9.1,3.5,1.7,0.7,0.3,0.9,0.442,0.877,-0.49,0.32,-0.36,-1.46,-0.99,-1.14,-1.16,-0.81,1.49,-0.51
Khris Middleton,WSH,F,35.5,57.0,24.0,1.3,10.7,3.9,3.6,0.8,0.2,1.8,0.446,0.846,-0.5,0.31,-0.54,-1.15,-0.86,-0.16,-0.88,-0.99,0.18,-0.51
Vit Krejci,ATL,G,26.6,60.0,21.3,1.9,8.0,2.5,2.1,0.7,0.3,0.8,0.472,0.748,-0.08,-0.17,0.05,-1.68,-1.44,-0.93,-1.26,-0.71,1.61,-0.51
Buddy Hield,GS,G,34.1,56.0,21.6,2.2,9.3,2.9,1.9,0.8,0.3,1.1,0.42,0.823,-0.83,0.05,0.39,-1.42,-1.28,-1.05,-0.87,-0.77,1.16,-0.51
Taurean Prince,MIL,F,32.9,43.0,26.3,2.0,8.0,3.2,1.7,0.8,0.3,1.1,0.447,0.782,-0.37,-0.05,0.14,-1.67,-1.13,-1.11,-0.84,-0.83,1.24,-0.51
Jonas Valanciunas,DEN,C,34.7,63.0,18.1,0.2,9.1,6.8,1.7,0.4,0.6,1.3,0.541,0.802,0.7,-0.0,-1.61,-1.45,0.39,-1.14,-2.32,-0.13,0.89,-0.52
Javonte Green,DET,G,33.5,70.0,18.3,1.0,6.1,3.1,0.8,1.0,0.4,0.6,0.451,0.793,-0.23,-0.05,-0.86,-2.05,-1.19,-1.63,-0.0,-0.63,1.93,-0.52
Vince Williams Jr.,MEM,G,26.4,45.0,22.5,1.5,8.6,4.4,3.6,0.7,0.4,1.6,0.41,0.8,-0.87,-0.01,-0.34,-1.55,-0.64,-0.16,-1.1,-0.5,0.46,-0.52
Karlo Matkovic,NO,F,25.8,57.0,16.1,0.6,6.7,4.1,1.0,0.5,0.8,0.7,0.577,0.764,0.78,-0.13,-1.19,-1.93,-0.77,-1.49,-2.0,0.34,1.68,-0.52
Dennis Schroder,SAC,G,33.4,64.0,27.4,1.5,11.3,2.7,5.1,0.8,0.2,1.8,0.409,0.826,-1.17,0.22,-0.35,-1.02,-1.33,0.66,-0.79,-1.05,0.11,-0.52
Haywood Highsmith,PHX,F,30.1,32.0,22.6,1.3,6.4,3.2,1.4,0.8,0.4,0.7,0.468,0.724,-0.1,-0.2,-0.55,-1.99,-1.13,-1.3,-0.75,-0.51,1.78,-0.53
Gary Trent Jr.,MIL,G,28.0,62.0,24.5,2.4,10.5,1.9,1.4,0.8,0.1,0.7,0.417,0.802,-0.96,-0.0,0.59,-1.18,-1.68,-1.3,-0.78,-1.25,1.8,-0.53
Bruce Brown,DEN,G,30.5,67.0,24.8,0.8,8.5,3.9,2.3,0.9,0.2,1.1,0.46,0.79,-0.23,-0.08,-1.08,-1.58,-0.82,-0.82,-0.38,-0.9,1.12,-0.53
Isaac Okoro,CHI,F,26.0,59.0,24.8,1.3,8.8,2.7,1.7,0.7,0.4,0.7,0.476,0.752,-0.04,-0.31,-0.56,-1.52,-1.34,-1.13,-1.09,-0.56,1.74,-0.53
Justin Edwards,PHI,F,23.1,58.0,19.3,1.4,8.4,2.3,1.6,0.9,0.2,0.8,0.464,0.792,-0.18,-0.04,-0.41,-1.59,-1.54,-1.2,-0.55,-0.89,1.59,-0.53
Sandro Mamukelashvili,TOR,F,27.7,68.0,16.6,1.2,8.4,4.0,1.5,0.5,0.4,0.7,0.506,0.75,0.28,-0.28,-0.64,-1.6,-0.79,-1.26,-1.73,-0.61,1.8,-0.54
Danny Wolf,BKN,F,22.7,50.0,20.9,1.3,9.7,4.9,2.4,0.6,0.5,1.3,0.423,0.785,-0.78,-0.14,-0.52,-1.35,-0.42,-0.77,-1.58,-0.27,0.94,-0.54
Dean Wade,CLE,F,30.2,57.0,21.6,1.4,5.6,4.1,1.3,0.7,0.4,0.4,0.435,0.688,-0.36,-0.26,-0.45,-2.14,-0.76,-1.35,-1.12,-0.62,2.17,-0.54
Clint Capela,HOU,C,32.7,65.0,18.4,0.0,6.7,7.0,1.0,0.5,0.9,0.8,0.537,0.597,0.52,-1.17,-1.81,-1.93,0.48,-1.52,-1.74,0.63,1.63,-0.54
Tim Hardaway Jr.,DEN,G,34.9,70.0,27.1,2.5,11.6,2.6,1.5,0.5,0.1,0.7,0.415,0.823,-1.04,0.15,0.73,-0.96,-1.38,-1.24,-1.74,-1.19,1.75,-0.55
Isaiah Jackson,IND,F,25.1,50.0,15.3,0.1,7.1,4.7,1.0,0.6,0.9,0.9,0.621,0.689,1.1,-0.83,-1.79,-1.84,-0.48,-1.48,-1.54,0.49,1.46,-0.55
Kasparas Jakucionis,MIA,G,20.7,48.0,17.9,1.4,7.3,2.7,2.8,0.6,0.2,1.0,0.464,0.877,-0.14,0.42,-0.45,-1.81,-1.35,-0.56,-1.41,-1.07,1.38,-0.55
Davion Mitchell,MIA,G,28.4,64.0,25.0,1.2,8.0,2.2,4.9,0.8,0.2,1.4,0.477,0.689,-0.03,-0.41,-0.63,-1.68,-1.55,0.51,-0.87,-1.1,0.77,-0.55
Andre Drummond,PHI,C,33.5,58.0,18.6,0.3,6.8,8.1,0.9,0.7,0.6,1.1,0.497,0.616,0.16,-1.24,-1.57,-1.92,0.96,-1.54,-1.0,-0.12,1.21,-0.56
Killian Hayes,SAC,G,25.5,34.0,21.5,0.8,7.5,2.7,4.5,0.8,0.4,1.2,0.404,0.807,-0.91,0.02,-0.99,-1.78,-1.33,0.35,-0.74,-0.67,0.98,-0.56
Kyle Kuzma,MIL,F,31.5,63.0,29.0,1.6,14.8,5.3,2.9,0.6,0.4,2.1,0.455,0.709,-0.53,-0.96,-0.23,-0.34,-0.22,-0.5,-1.47,-0.5,-0.31,-0.56
Nikola Jovic,MIA,F,23.6,50.0,20.6,1.6,9.7,3.8,2.7,0.7,0.3,1.2,0.436,0.76,-0.58,-0.32,-0.26,-1.34,-0.89,-0.63,-1.29,-0.74,0.97,-0.56
Cody Martin,IND,SF,31.3,29.0,22.9,0.9,6.6,4.0,2.3,1.0,0.6,1.2,0.414,0.681,-0.69,-0.52,-0.97,-1.95,-0.8,-0.82,-0.22,-0.23,1.09,-0.57
Jarace Walker,IND,F,23.4,68.0,20.0,1.5,9.4,4.0,2.2,0.7,0.3,1.3,0.444,0.752,-0.45,-0.33,-0.32,-1.41,-0.81,-0.89,-1.02,-0.71,0.83,-0.57
Will Riley,WSH,G,21.0,59.0,22.0,1.2,11.4,3.0,2.2,0.8,0.2,1.3,0.452,0.817,-0.42,0.14,-0.63,-1.0,-1.23,-0.86,-0.98,-1.1,0.93,-0.57
Jalen Slawson,IND,F,27.3,28.0,17.0,0.8,6.2,3.1,1.9,0.8,0.6,0.9,0.481,0.748,0.01,-0.23,-0.99,-2.03,-1.18,-1.02,-0.97,-0.17,1.4,-0.58
Keshon Gilbert,WSH,G,23.6,24.0,18.5,0.6,8.0,2.5,2.6,0.6,0.5,1.2,0.492,0.852,0.13,0.34,-1.2,-1.68,-1.45,-0.66,-1.37,-0.27,0.99,-0.58
Cam Whitmore,WSH,F,22.6,38.0,17.2,1.6,11.7,3.2,1.0,0.6,0.3,0.9,0.461,0.751,-0.29,-0.4,-0.27,-0.95,-1.12,-1.47,-1.36,-0.76,1.43,-0.58
Dominick Barlow,PHI,F,23.7,61.0,18.9,0.3,7.0,4.0,1.2,0.7,0.6,0.6,0.537,0.721,0.5,-0.51,-1.54,-1.87,-0.78,-1.4,-1.32,-0.14,1.88,-0.58
Kyle Anderson,UTAH,F,33.4,50.0,19.7,0.3,5.8,3.4,3.0,0.8,0.5,0.9,0.476,0.714,-0.03,-0.43,-1.59,-2.11,-1.06,-0.44,-0.78,-0.25,1.44,-0.58
Marvin Bagley III,WSH,F,27.9,55.0,17.8,0.3,9.3,5.2,1.2,0.4,0.6,0.9,0.577,0.699,1.06,-0.8,-1.51,-1.43,-0.26,-1.41,-2.1,-0.23,1.41,-0.58
Corey Kispert,WSH,F,27.9,57.0,23.3,2.1,11.3,2.7,1.8,0.4,0.2,1.0,0.468,0.791,-0.18,-0.08,0.26,-1.03,-1.36,-1.06,-2.1,-1.01,1.28,-0.59
Zach Collins,CHI,F,29.2,33.0,18.4,0.8,8.5,4.8,2.2,0.5,0.5,1.3,0.493,0.794,0.14,-0.05,-1.08,-1.59,-0.45,-0.88,-2.0,-0.32,0.89,-0.59
Gary Payton II,GS,G,34.2,65.0,15.4,0.5,6.3,3.1,1.4,0.8,0.3,0.7,0.555,0.68,0.62,-0.26,-1.33,-2.02,-1.16,-1.28,-0.8,-0.8,1.68,-0.59
Dorian Finney-Smith,HOU,F,33.7,47.0,25.2,1.6,6.6,3.7,1.3,0.7,0.4,0.8,0.42,0.72,-0.59,-0.18,-0.24,-1.94,-0.94,-1.32,-1.03,-0.66,1.53,-0.6
Nique Clifford,SAC,G,25.0,60.0,25.1,1.1,9.2,3.8,2.5,0.9,0.3,1.5,0.432,0.739,-0.68,-0.35,-0.71,-1.43,-0.88,-0.7,-0.47,-0.72,0.55,-0.6
Eric Gordon,PHI,G,38.1,29.0,23.4,1.8,7.8,1.5,1.7,0.8,0.4,0.9,0.438,0.76,-0.46,-0.15,-0.05,-1.71,-1.86,-1.13,-0.8,-0.63,1.39,-0.6
Ronald Holland II,DET,F,21.6,69.0,17.9,0.7,8.4,3.5,1.3,0.9,0.3,1.1,0.462,0.805,-0.21,0.02,-1.18,-1.6,-1.02,-1.34,-0.5,-0.82,1.22,-0.6
Mouhamed Gueye,ATL,F,24.2,64.0,15.4,0.6,5.4,3.7,1.0,0.7,0.6,0.5,0.458,0.717,-0.17,-0.34,-1.21,-2.18,-0.92,-1.5,-1.01,-0.16,2.05,-0.6
AJ Green,MIL,G,27.3,68.0,23.5,2.5,8.5,2.3,1.6,0.5,0.1,0.7,0.434,0.844,-0.52,0.1,0.71,-1.58,-1.51,-1.18,-1.97,-1.21,1.71,-0.61
Cole Anthony,MIL,G,26.7,46.0,19.0,1.2,9.7,3.2,3.2,0.7,0.4,1.6,0.432,0.811,-0.68,0.06,-0.68,-1.33,-1.15,-0.35,-1.27,-0.56,0.49,-0.61
Gradey Dick,TOR,G,23.2,65.0,20.0,1.5,10.0,2.5,1.3,0.7,0.1,0.9,0.43,0.882,-0.69,0.54,-0.3,-1.28,-1.43,-1.35,-1.23,-1.18,1.44,-0.61
Jared McCain,PHI,G,22.9,58.0,19.2,1.8,10.6,2.2,1.8,0.6,0.1,1.0,0.445,0.873,-0.51,0.37,-0.01,-1.17,-1.56,-1.08,-1.59,-1.24,1.3,-0.61
Patrick Williams,CHI,F,25.4,64.0,23.2,1.6,8.8,3.4,1.8,0.8,0.5,1.2,0.407,0.752,-0.97,-0.26,-0.25,-1.52,-1.04,-1.08,-0.97,-0.43,1.01,-0.61
Ryan Dunn,PHX,F,24.1,64.0,19.5,1.1,7.1,4.0,1.3,0.7,0.5,0.7,0.454,0.554,-0.28,-0.71,-0.76,-1.86,-0.79,-1.34,-1.04,-0.44,1.7,-0.61
Brandon Williams,DAL,G,27.2,58.0,18.8,0.6,10.8,2.4,3.2,0.8,0.2,1.5,0.474,0.798,-0.08,-0.06,-1.22,-1.13,-1.46,-0.33,-0.95,-0.9,0.59,-0.62
Pelle Larsson,MIA,G,25.9,62.0,21.9,0.9,9.2,2.8,2.6,0.7,0.2,1.1,0.487,0.782,0.08,-0.2,-0.98,-1.44,-1.29,-0.64,-1.28,-1.0,1.2,-0.62
Quinten Post,GS,C,26.9,60.0,17.0,1.6,7.9,3.8,1.5,0.4,0.5,0.8,0.446,0.79,-0.38,-0.04,-0.25,-1.69,-0.88,-1.26,-2.16,-0.43,1.55,-0.62
Walter Clayton Jr.,UTAH,G,23.9,56.0,20.4,1.2,8.5,2.1,4.2,0.7,0.3,1.6,0.407,0.896,-0.87,0.66,-0.65,-1.59,-1.59,0.15,-1.33,-0.81,0.46,-0.62
Micah Potter,IND,C,28.8,49.0,18.2,1.2,7.1,4.4,1.2,0.4,0.3,0.9,0.49,0.832,0.09,0.15,-0.62,-1.85,-0.64,-1.4,-2.06,-0.72,1.48,-0.62
Kyle Lowry,PHI,G,40.9,32.0,21.3,1.1,5.1,2.3,2.9,0.8,0.3,1.0,0.413,0.817,-0.48,0.05,-0.75,-2.25,-1.52,-0.51,-0.75,-0.74,1.37,-0.62
Terance Mann,BKN,G,30.3,60.0,23.4,1.0,7.6,3.1,2.2,0.6,0.2,0.9,0.484,0.772,0.04,-0.13,-0.87,-1.75,-1.17,-0.87,-1.36,-0.95,1.48,-0.62
Oso Ighodaro,PHX,F,24.6,69.0,20.3,0.0,6.2,4.6,2.0,0.7,0.6,1.0,0.63,0.523,1.11,-1.38,-1.8,-2.03,-0.56,-0.98,-1.07,-0.16,1.27,-0.62
Jaxson Hayes,LAL,C,26.7,61.0,17.1,0.1,6.7,4.0,0.9,0.5,0.7,0.6,0.711,0.655,1.51,-1.02,-1.79,-1.92,-0.81,-1.55,-1.9,0.01,1.85,-0.62
Adem Bona,PHI,C,23.8,63.0,16.7,0.1,5.8,4.2,0.6,0.5,1.1,0.9,0.629,0.712,0.92,-0.6,-1.78,-2.1,-0.69,-1.72,-2.02,0.89,1.46,-0.63
Nick Richards,PHX,C,29.2,51.0,20.8,0.1,8.0,6.8,0.7,0.3,0.8,1.3,0.584,0.715,0.94,-0.77,-1.77,-1.67,0.42,-1.64,-2.48,0.36,0.95,-0.63
Jamal Shead,TOR,G,24.5,70.0,21.3,1.1,7.4,1.7,5.1,0.8,0.2,1.4,0.399,0.789,-0.93,-0.07,-0.73,-1.8,-1.77,0.65,-0.66,-1.06,0.7,-0.63
Leaky Black,WSH,F,27.6,30.0,19.7,0.9,5.9,3.4,1.4,0.7,0.4,0.7,0.456,0.776,-0.21,-0.08,-0.94,-2.09,-1.06,-1.31,-1.18,-0.48,1.68,-0.63
Daniss Jenkins,DET,G,25.5,59.0,19.2,1.0,9.0,2.3,3.7,0.8,0.2,1.4,0.417,0.826,-0.81,0.18,-0.8,-1.47,-1.54,-0.1,-0.87,-0.97,0.69,-0.63
Guerschon Yabusele,NY,F,31.1,62.0,20.5,1.3,7.7,4.4,1.5,0.6,0.3,0.9,0.458,0.736,-0.22,-0.35,-0.56,-1.73,-0.64,-1.25,-1.56,-0.82,1.42,-0.63
Larry Nance Jr.,CLE,F,34.1,42.0,17.1,0.7,5.3,3.8,1.4,0.7,0.3,0.7,0.497,0.705,0.12,-0.24,-1.1,-2.21,-0.88,-1.28,-1.06,-0.8,1.71,-0.64
Josh Green,CHA,G,26.2,58.0,22.7,1.4,6.8,2.4,1.6,0.8,0.2,0.9,0.462,0.747,-0.16,-0.19,-0.46,-1.9,-1.47,-1.2,-0.75,-1.08,1.46,-0.64
Tristan Vukcevic,WSH,F,23.9,50.0,14.1,1.1,9.4,3.2,1.3,0.4,0.6,1.1,0.48,0.795,-0.0,-0.07,-0.68,-1.4,-1.12,-1.36,-2.1,-0.14,1.12,-0.64
Sion James,CHA,G,24.2,63.0,22.4,1.1,6.1,3.5,2.1,0.7,0.3,0.9,0.409,0.836,-0.61,0.17,-0.73,-2.04,-0.99,-0.92,-1.31,-0.87,1.52,-0.64
Nicolas Batum,LAC,F,38.1,67.0,19.2,1.2,4.1,2.9,1.2,0.7,0.4,0.6,0.436,0.775,-0.24,-0.03,-0.65,-2.45,-1.27,-1.4,-1.25,-0.5,1.95,-0.65
Ochai Agbaji,TOR,G,26.8,59.0,21.0,1.1,7.4,2.9,1.2,0.6,0.4,0.7,0.463,0.757,-0.18,-0.14,-0.76,-1.79,-1.26,-1.39,-1.45,-0.57,1.69,-0.65
Kelly Olynyk,SA,F,35.8,47.0,17.3,0.6,6.5,3.8,2.7,0.7,0.3,1.4,0.508,0.779,0.22,-0.14,-1.22,-1.98,-0.88,-0.6,-1.31,-0.81,0.77,-0.66
Kobe Sanders,LAC,G,24.7,56.0,19.9,1.3,7.8,2.3,1.7,0.7,0.2,1.2,0.477,0.825,-0.03,0.1,-0.57,-1.71,-1.5,-1.12,-1.14,-1.06,1.06,-0.66
Gui Santos,GS,F,24.6,62.0,16.8,1.0,7.2,3.4,1.9,0.6,0.2,1.1,0.496,0.746,0.15,-0.29,-0.86,-1.84,-1.05,-1.01,-1.38,-0.9,1.19,-0.67
Oscar Tshiebwe,UTAH,C,27.2,37.0,15.5,0.1,7.3,6.1,1.1,0.6,0.2,0.7,0.575,0.656,0.83,-0.96,-1.73,-1.82,0.09,-1.47,-1.6,-1.05,1.71,-0.67
Spencer Jones,DEN,F,25.6,55.0,19.6,0.8,5.5,2.9,0.8,0.7,0.4,0.6,0.504,0.671,0.17,-0.42,-1.02,-2.17,-1.26,-1.59,-1.15,-0.54,1.96,-0.67
Bones Hyland,MIN,G,26.4,59.0,15.2,1.6,8.0,1.7,2.5,0.6,0.2,1.0,0.436,0.804,-0.48,0.01,-0.22,-1.67,-1.79,-0.72,-1.43,-0.99,1.29,-0.67
Dariq Whitehead,MEM,F,22.5,27.0,18.2,2.2,9.9,2.5,1.3,0.5,0.2,1.0,0.43,0.753,-0.7,-0.2,0.4,-1.3,-1.43,-1.33,-1.75,-1.08,1.38,-0.67
Moritz Wagner,ORL,F,29.8,43.0,16.0,0.7,9.3,4.0,1.1,0.5,0.2,1.1,0.524,0.785,0.49,-0.16,-1.16,-1.42,-0.82,-1.43,-1.81,-0.96,1.24,-0.67
Kevin Love,UTAH,F,38.4,43.0,15.5,1.3,6.4,5.3,1.7,0.4,0.2,0.8,0.41,0.784,-0.62,-0.09,-0.5,-1.99,-0.26,-1.16,-2.09,-0.97,1.6,-0.67
Jonathan Isaac,ORL,F,29.3,54.0,13.7,0.5,4.7,3.7,0.6,0.6,0.8,0.5,0.451,0.678,-0.19,-0.6,-1.35,-2.31,-0.93,-1.73,-1.49,0.43,2.08,-0.68
Tosan Evbuomwan,NY,F,26.0,27.0,20.2,0.9,8.3,3.6,1.7,0.6,0.3,1.0,0.464,0.761,-0.17,-0.32,-0.96,-1.62,-0.98,-1.15,-1.41,-0.79,1.29,-0.68
Ben Sheppard,IND,G,25.5,61.0,19.2,1.3,6.4,2.6,1.6,0.6,0.1,0.5,0.437,0.822,-0.4,0.05,-0.57,-1.99,-1.38,-1.21,-1.51,-1.15,2.03,-0.68
Jock Landale,MEM,C,31.3,60.0,17.5,0.7,7.4,4.3,1.4,0.4,0.4,0.7,0.507,0.681,0.26,-0.62,-1.15,-1.8,-0.66,-1.31,-2.09,-0.47,1.7,-0.68
Nolan Traore,BKN,G,20.7,50.0,22.2,1.2,10.1,2.0,4.1,0.8,0.4,2.1,0.405,0.804,-1.17,0.01,-0.59,-1.26,-1.67,0.12,-0.78,-0.53,-0.28,-0.68
DeJon Jarreau,MEM,G,29.0,28.0,19.5,0.6,7.6,4.4,2.9,0.7,0.5,1.5,0.424,0.738,-0.65,-0.42,-1.26,-1.75,-0.63,-0.49,-1.13,-0.4,0.57,-0.68
Jarred Vanderbilt,LAL,F,27.8,58.0,17.5,0.4,4.7,4.6,1.3,0.9,0.3,0.9,0.491,0.626,0.07,-0.66,-1.42,-2.31,-0.55,-1.34,-0.61,-0.84,1.5,-0.69
Jahmai Mashack,MEM,G,24.2,37.0,22.3,0.8,7.6,2.9,2.4,1.0,0.5,1.5,0.434,0.632,-0.56,-0.92,-1.07,-1.75,-1.27,-0.75,0.01,-0.44,0.57,-0.69
Chris Boucher,BOS,F,34.1,32.0,15.3,1.0,6.9,3.9,0.6,0.4,0.5,0.6,0.471,0.769,-0.08,-0.17,-0.86,-1.89,-0.86,-1.7,-2.14,-0.42,1.92,-0.69
Elijah Harkless,UTAH,G,27.0,36.0,19.3,0.9,6.8,2.2,2.4,0.9,0.2,0.9,0.391,0.758,-0.9,-0.33,-0.96,-1.91,-1.55,-0.75,-0.37,-0.92,1.45,-0.7
Simone Fontecchio,MIA,F,31.1,64.0,18.6,1.6,7.6,3.1,1.3,0.5,0.2,0.8,0.421,0.826,-0.62,0.1,-0.23,-1.76,-1.19,-1.36,-1.81,-1.02,1.6,-0.7
Ethan Thompson,IND,G,27.7,38.0,20.5,1.2,7.6,2.4,1.9,0.6,0.3,0.9,0.418,0.788,-0.69,-0.09,-0.6,-1.75,-1.5,-1.04,-1.36,-0.77,1.47,-0.7
Cameron Payne,PHI,PG,32.5,40.0,16.1,1.3,6.6,1.6,2.6,0.6,0.2,0.8,0.406,0.86,-0.74,0.17,-0.48,-1.95,-1.83,-0.67,-1.53,-0.99,1.68,-0.71
Thomas Bryant,CLE,C,29.5,59.0,13.1,0.7,6.0,3.5,0.7,0.4,0.5,0.5,0.507,0.83,0.2,0.11,-1.15,-2.06,-1.01,-1.65,-2.4,-0.44,2.02,-0.71
Ryan Nembhard,DAL,G,23.9,52.0,19.5,0.9,7.4,2.3,5.3,0.5,0.1,1.3,0.434,0.808,-0.53,0.01,-0.94,-1.8,-1.51,0.76,-1.91,-1.26,0.81,-0.71
Nae'Qwan Tomlin,CLE,F,26.1,54.0,15.6,0.5,6.2,3.0,0.9,0.6,0.5,0.5,0.476,0.772,-0.03,-0.12,-1.36,-2.02,-1.24,-1.55,-1.62,-0.41,1.98,-0.71
Quenton Jackson,IND,G,28.4,49.0,16.5,0.8,7.7,2.1,2.5,0.6,0.2,1.0,0.469,0.812,-0.11,0.07,-1.05,-1.72,-1.6,-0.73,-1.45,-1.09,1.31,-0.71
Baylor Scheierman,BOS,G,26.3,64.0,17.1,1.2,5.4,3.1,1.5,0.5,0.1,0.6,0.45,0.845,-0.22,0.08,-0.61,-2.17,-1.16,-1.25,-1.71,-1.23,1.89,-0.71
Kevon Looney,NO,F,31.0,40.0,15.4,0.1,4.3,5.6,1.6,0.5,0.4,0.6,0.521,0.632,0.24,-0.66,-1.77,-2.41,-0.11,-1.17,-1.94,-0.54,1.9,-0.72
Caleb Love,POR,G,25.3,46.0,20.7,1.9,10.5,2.5,2.6,0.6,0.1,1.2,0.398,0.753,-1.37,-0.22,0.13,-1.18,-1.46,-0.67,-1.53,-1.15,0.97,-0.72
Jordan Miller,LAC,G,27.0,56.0,17.7,0.5,7.8,2.5,1.8,0.6,0.2,0.9,0.508,0.786,0.27,-0.13,-1.3,-1.7,-1.45,-1.08,-1.49,-1.06,1.45,-0.72
Payton Sandfort,OKC,F,24.6,24.0,15.8,1.3,8.1,2.7,1.1,0.5,0.2,0.8,0.476,0.739,-0.05,-0.33,-0.53,-1.66,-1.34,-1.44,-1.89,-0.92,1.65,-0.72
Sharife Cooper,WSH,G,25.6,42.0,17.1,0.8,8.3,2.2,3.0,0.5,0.2,1.3,0.504,0.827,0.26,0.14,-1.05,-1.62,-1.56,-0.46,-2.01,-1.07,0.84,-0.73
James Wiseman,IND,C,25.8,24.0,16.8,0.1,7.5,4.7,1.1,0.3,0.5,1.0,0.58,0.739,0.88,-0.39,-1.71,-1.78,-0.49,-1.47,-2.49,-0.38,1.29,-0.73
Svi Mykhailiuk,UTAH,G,29.6,51.0,19.3,1.8,7.8,2.2,1.7,0.5,0.1,0.9,0.441,0.818,-0.43,0.04,-0.06,-1.72,-1.57,-1.14,-1.93,-1.2,1.46,-0.73
Caleb Martin,DAL,F,31.3,56.0,21.8,0.8,6.5,3.4,1.8,0.8,0.4,1.0,0.435,0.67,-0.43,-0.69,-1.05,-1.97,-1.07,-1.07,-0.95,-0.64,1.3,-0.73
Drake Powell,BKN,G,21.4,54.0,20.9,0.9,7.5,1.9,1.6,0.6,0.2,1.0,0.434,0.891,-0.5,0.48,-0.91,-1.76,-1.68,-1.16,-1.46,-0.9,1.33,-0.73
Cody Williams,UTAH,F,22.2,60.0,23.1,0.6,8.3,2.8,2.0,0.7,0.4,1.0,0.446,0.736,-0.43,-0.42,-1.2,-1.61,-1.31,-1.0,-1.22,-0.64,1.26,-0.73
Johnny Juzang,MIN,G,25.9,38.0,15.9,1.6,7.5,2.3,1.0,0.5,0.1,0.6,0.445,0.809,-0.36,0.02,-0.22,-1.76,-1.53,-1.48,-2.04,-1.17,1.94,-0.73
Ben Saraf,BKN,G,20.8,44.0,20.8,0.6,8.8,2.3,3.5,0.8,0.2,2.0,0.428,0.84,-0.67,0.32,-1.27,-1.51,-1.53,-0.17,-0.71,-0.95,-0.11,-0.73
Jordan Clarkson,NY,G,34.7,62.0,22.8,1.4,11.1,2.5,2.6,0.6,0.2,1.6,0.417,0.826,-1.04,0.18,-0.39,-1.06,-1.45,-0.65,-1.6,-1.08,0.46,-0.73
Tre Mann,CHA,G,26.0,50.0,17.3,1.2,7.9,2.4,2.6,0.7,0.1,1.2,0.415,0.825,-0.79,0.08,-0.6,-1.7,-1.46,-0.68,-1.31,-1.15,0.98,-0.74
Charles Bassey,MEM,C,26.3,32.0,11.2,0.1,5.0,4.0,0.8,0.4,0.7,0.6,0.578,0.713,0.58,-0.34,-1.74,-2.27,-0.8,-1.61,-2.32,0.04,1.84,-0.74
Josh Okogie,HOU,G,28.4,65.0,16.7,0.8,5.3,2.6,1.0,0.8,0.3,0.6,0.441,0.701,-0.28,-0.51,-1.06,-2.21,-1.39,-1.51,-0.73,-0.8,1.85,-0.74
Mo Bamba,TOR,C,28.7,27.0,12.8,0.5,4.5,4.1,0.7,0.4,0.8,0.7,0.483,0.716,0.02,-0.27,-1.34,-2.36,-0.75,-1.64,-2.41,0.3,1.8,-0.74
Marcus Sasser,DET,G,26.4,47.0,15.2,1.3,7.0,1.4,2.7,0.6,0.1,1.0,0.436,0.854,-0.43,0.17,-0.55,-1.87,-1.91,-0.62,-1.61,-1.17,1.33,-0.74
Tidjane Salaun,CHA,F,21.5,46.0,18.5,1.2,7.3,4.4,1.3,0.5,0.2,0.9,0.429,0.729,-0.51,-0.47,-0.66,-1.81,-0.61,-1.36,-1.82,-0.94,1.49,-0.74
Craig Porter Jr.,CLE,G,26.9,59.0,14.4,0.5,4.8,2.5,2.5,0.6,0.4,0.9,0.486,0.697,0.04,-0.31,-1.37,-2.31,-1.44,-0.72,-1.59,-0.56,1.53,-0.75
Dalano Banton,LAC,F,27.2,32.0,17.4,1.2,8.9,2.4,2.5,0.6,0.4,1.3,0.403,0.769,-1.03,-0.24,-0.68,-1.5,-1.47,-0.72,-1.53,-0.48,0.9,-0.75
Tyrese Martin,BKN,G,27.9,51.0,19.4,1.5,7.6,3.1,1.9,0.6,0.2,1.1,0.41,0.759,-0.82,-0.14,-0.34,-1.75,-1.18,-1.02,-1.64,-1.1,1.23,-0.75
LJ Cryer,GS,G,25.3,31.0,16.2,1.9,8.2,1.9,1.2,0.4,0.1,0.8,0.433,0.845,-0.51,0.2,0.05,-1.64,-1.69,-1.37,-2.23,-1.16,1.55,-0.76
Jabari Walker,PHI,F,24.5,60.0,15.3,0.6,6.5,4.3,0.8,0.5,0.2,0.6,0.484,0.754,0.04,-0.3,-1.22,-1.96,-0.68,-1.6,-1.92,-1.01,1.85,-0.76
Trendon Watford,PHI,F,26.2,53.0,16.9,0.5,8.0,3.3,2.3,0.4,0.3,1.3,0.499,0.785,0.2,-0.13,-1.37,-1.67,-1.08,-0.82,-2.1,-0.72,0.89,-0.76
Jordan Walsh,BOS,G,22.9,61.0,14.0,0.6,4.5,3.0,0.8,0.5,0.3,0.5,0.5,0.764,0.12,-0.11,-1.22,-2.35,-1.23,-1.63,-1.77,-0.69,2.05,-0.76
Jeremiah Robinson-Earl,IND,F,26.2,40.0,16.1,0.7,5.7,4.1,1.1,0.5,0.1,0.7,0.453,0.847,-0.22,0.14,-1.1,-2.13,-0.77,-1.43,-1.92,-1.19,1.77,-0.76
Landry Shamet,NY,G,29.9,52.0,18.7,1.6,7.4,1.6,1.1,0.5,0.2,0.6,0.443,0.737,-0.37,-0.24,-0.22,-1.8,-1.84,-1.45,-1.72,-1.11,1.88,-0.76
DaQuan Jeffries,SAC,G,29.4,28.0,19.0,1.1,6.2,2.4,1.1,0.5,0.4,0.7,0.436,0.794,-0.4,-0.02,-0.77,-2.03,-1.48,-1.47,-1.85,-0.59,1.73,-0.76
Amir Coffey,MIL,G,29.6,52.0,19.0,1.0,6.6,1.9,1.0,0.5,0.1,0.5,0.473,0.858,-0.06,0.24,-0.8,-1.94,-1.69,-1.51,-2.0,-1.14,2.03,-0.76
Tyson Etienne,BKN,G,27.4,35.0,16.9,1.7,7.9,1.5,1.7,0.5,0.1,0.8,0.414,0.816,-0.7,0.08,-0.07,-1.7,-1.88,-1.11,-1.87,-1.19,1.57,-0.77
Julian Strawther,DEN,G,24.8,57.0,16.5,1.3,7.8,2.0,1.2,0.5,0.2,0.7,0.444,0.816,-0.39,0.06,-0.56,-1.72,-1.67,-1.37,-1.91,-1.07,1.73,-0.77
Kris Murray,POR,F,26.5,57.0,19.9,0.7,5.7,3.3,1.3,0.7,0.3,0.8,0.444,0.631,-0.31,-0.64,-1.19,-2.13,-1.11,-1.32,-1.08,-0.76,1.61,-0.77
Jonathan Mogbo,TOR,F,25.3,47.0,14.5,0.2,4.8,3.5,1.7,0.6,0.4,0.8,0.476,0.74,-0.03,-0.24,-1.62,-2.3,-1.0,-1.12,-1.61,-0.64,1.61,-0.77
Josh Minott,BOS,F,24.2,51.0,10.8,0.8,5.1,2.0,0.7,0.5,0.3,0.5,0.501,0.82,0.13,0.06,-1.01,-2.24,-1.66,-1.64,-1.84,-0.73,1.99,-0.77
Hugo Gonzalez,BOS,G,21.0,58.0,14.8,0.7,4.9,3.4,0.7,0.6,0.3,0.6,0.501,0.632,0.14,-0.37,-1.17,-2.28,-1.07,-1.65,-1.65,-0.81,1.92,-0.77
Kenrich Williams,OKC,G,32.2,57.0,15.6,0.9,5.6,3.2,1.4,0.6,0.1,0.6,0.467,0.668,-0.1,-0.3,-0.92,-2.15,-1.13,-1.31,-1.7,-1.16,1.83,-0.77
Trayce Jackson-Davis,GS,F,26.9,54.0,13.8,0.0,6.1,4.1,1.3,0.4,0.6,0.6,0.604,0.576,0.89,-1.42,-1.8,-2.04,-0.74,-1.34,-2.28,-0.06,1.83,-0.77
Alondes Williams,WSH,G,27.6,24.0,12.5,0.7,5.8,2.6,1.4,0.4,0.3,0.7,0.504,0.817,0.18,0.06,-1.14,-2.1,-1.41,-1.27,-2.24,-0.79,1.76,-0.77
KJ Simpson,CHA,G,24.5,36.0,19.1,0.9,7.5,2.7,2.9,0.8,0.1,1.3,0.382,0.777,-1.24,-0.14,-0.9,-1.77,-1.37,-0.5,-0.79,-1.13,0.82,-0.78
Olivier-Maxence Prosper,MEM,F,24.6,53.0,14.2,0.7,6.9,2.9,0.9,0.5,0.2,0.6,0.496,0.728,0.13,-0.49,-1.09,-1.89,-1.28,-1.54,-1.74,-1.05,1.93,-0.78
Garrison Mathews,IND,G,30.3,34.0,16.0,1.6,6.0,1.6,0.9,0.4,0.2,0.5,0.432,0.813,-0.36,0.05,-0.27,-2.07,-1.82,-1.53,-2.09,-0.97,2.03,-0.78
Nikola Topic,OKC,G,21.5,27.0,16.1,0.8,7.1,2.3,3.7,0.5,0.2,1.5,0.473,0.715,-0.07,-0.38,-1.05,-1.85,-1.52,-0.09,-1.74,-1.05,0.65,-0.79
Bryce McGowens,NO,G,24.2,44.0,16.3,0.8,6.8,1.8,1.2,0.5,0.2,0.5,0.478,0.796,-0.02,-0.05,-1.05,-1.92,-1.73,-1.38,-1.93,-1.06,2.02,-0.79
Moussa Cisse,DAL,C,24.4,40.0,14.3,0.1,5.4,5.3,0.5,0.5,0.9,0.8,0.554,0.533,0.48,-2.06,-1.71,-2.19,-0.22,-1.77,-1.89,0.63,1.6,-0.79
Jordan Hawkins,NO,G,24.8,53.0,18.0,1.7,8.6,2.3,1.2,0.4,0.2,0.8,0.388,0.843,-1.19,0.19,-0.11,-1.56,-1.53,-1.41,-2.23,-0.92,1.61,-0.79
Mason Plumlee,CHA,C,36.9,39.0,15.1,0.0,4.0,4.9,1.4,0.4,0.4,0.8,0.583,0.671,0.45,-0.67,-1.8,-2.47,-0.4,-1.27,-2.12,-0.52,1.65,-0.79
Dario Saric,SAC,F,32.8,26.0,15.4,0.9,5.8,3.6,1.8,0.4,0.1,1.0,0.442,0.815,-0.31,0.05,-0.91,-2.1,-0.96,-1.08,-2.08,-1.12,1.28,-0.8
Nick Smith Jr.,LAL,G,22.8,43.0,17.5,1.7,9.1,1.7,2.0,0.3,0.1,1.0,0.42,0.884,-0.82,0.24,-0.1,-1.47,-1.8,-0.98,-2.45,-1.18,1.3,-0.81
Jalen Wilson,BKN,F,26.2,57.0,20.3,1.3,7.9,2.9,1.5,0.5,0.1,0.8,0.412,0.79,-0.75,-0.08,-0.53,-1.7,-1.27,-1.25,-2.03,-1.27,1.57,-0.81
Leonard Miller,MIN,F,23.2,46.0,11.7,0.6,6.2,2.9,0.8,0.3,0.2,0.6,0.534,0.775,0.42,-0.1,-1.27,-2.03,-1.25,-1.61,-2.47,-0.92,1.9,-0.81
Luka Garza,BOS,C,28.1,60.0,12.0,0.6,6.3,2.9,0.7,0.3,0.3,0.5,0.538,0.756,0.42,-0.24,-1.2,-2.01,-1.25,-1.64,-2.51,-0.87,1.97,-0.81
Steven Adams,HOU,C,33.5,44.0,17.8,0.1,4.9,6.6,1.3,0.5,0.5,1.0,0.52,0.547,0.25,-1.71,-1.78,-2.29,0.33,-1.33,-1.78,-0.32,1.3,-0.82
David Roddy,DEN,F,25.8,28.0,15.9,0.8,6.6,3.0,1.3,0.5,0.2,0.8,0.442,0.769,-0.37,-0.14,-1.02,-1.94,-1.2,-1.33,-1.98,-0.97,1.61,-0.82
Ousmane Dieng,OKC,F,23.7,54.0,15.5,1.0,6.4,2.6,1.9,0.4,0.2,0.9,0.438,0.754,-0.4,-0.14,-0.84,-1.98,-1.39,-1.05,-2.11,-0.91,1.41,-0.82
Gary Harris,MIL,G,32.4,51.0,16.9,0.9,3.9,1.4,1.1,0.6,0.2,0.5,0.441,0.75,-0.22,-0.09,-0.95,-2.47,-1.89,-1.46,-1.47,-0.95,2.05,-0.83
Devin Carter,SAC,G,24.9,45.0,15.2,0.7,7.1,2.8,2.1,0.7,0.2,1.0,0.42,0.701,-0.62,-0.74,-1.09,-1.85,-1.32,-0.93,-1.24,-1.01,1.34,-0.83
Gabe Vincent,LAL,G,30.6,56.0,19.0,1.3,5.4,1.2,1.4,0.6,0.1,0.6,0.393,0.789,-0.73,-0.02,-0.52,-2.19,-1.99,-1.26,-1.48,-1.16,1.9,-0.83
Malaki Branham,WSH,G,23.7,40.0,14.6,1.1,7.8,1.7,1.6,0.4,0.1,0.9,0.458,0.859,-0.23,0.24,-0.73,-1.72,-1.78,-1.18,-2.34,-1.21,1.48,-0.83
Drew Eubanks,SAC,F,30.0,49.0,13.7,0.1,4.9,3.6,0.8,0.3,0.6,0.7,0.577,0.676,0.58,-0.56,-1.77,-2.28,-0.97,-1.61,-2.5,-0.09,1.69,-0.83
Dalton Knecht,LAL,F,25.8,57.0,15.0,1.3,7.0,2.2,0.7,0.3,0.2,0.5,0.463,0.766,-0.16,-0.12,-0.52,-1.86,-1.59,-1.64,-2.56,-1.1,2.03,-0.83
Markelle Fultz,TOR,G,28.7,27.0,15.3,0.2,5.7,2.2,2.2,0.6,0.2,0.9,0.454,0.75,-0.24,-0.13,-1.61,-2.12,-1.59,-0.88,-1.41,-0.95,1.41,-0.84
Noah Penda,ORL,F,22.1,51.0,13.1,0.6,4.7,3.2,1.3,0.5,0.3,0.7,0.445,0.725,-0.24,-0.29,-1.24,-2.32,-1.16,-1.33,-1.91,-0.79,1.71,-0.84
Branden Carlson,OKC,C,27.6,46.0,10.3,0.7,5.0,2.4,0.7,0.2,0.5,0.4,0.49,0.693,0.07,-0.28,-1.09,-2.26,-1.47,-1.66,-2.79,-0.26,2.19,-0.84
Orlando Robinson,ORL,C,26.6,28.0,13.7,0.4,5.5,3.7,1.5,0.4,0.3,0.8,0.468,0.778,-0.09,-0.11,-1.42,-2.15,-0.94,-1.23,-2.37,-0.84,1.59,-0.84
Seth Curry,GS,G,36.4,34.0,15.2,1.1,5.7,1.6,0.9,0.4,0.1,0.5,0.449,0.845,-0.24,0.11,-0.72,-2.13,-1.81,-1.52,-2.09,-1.17,2.01,-0.84
Asa Newell,ATL,F,21.3,44.0,11.7,0.7,5.8,2.2,0.8,0.4,0.3,0.6,0.525,0.654,0.33,-0.49,-1.09,-2.1,-1.55,-1.61,-2.28,-0.75,1.93,-0.85
Micah Peavy,NO,G,25.5,52.0,15.0,0.5,4.9,2.0,1.1,0.6,0.2,0.5,0.417,0.773,-0.51,-0.07,-1.31,-2.28,-1.66,-1.44,-1.41,-1.07,2.11,-0.85
Kam Jones,IND,G,24.9,40.0,16.6,0.7,5.4,1.8,3.2,0.5,0.1,1.0,0.443,0.704,-0.32,-0.21,-1.15,-2.18,-1.73,-0.37,-1.81,-1.27,1.38,-0.85
Mouhamadou Gueye,CHI,F,28.6,23.0,13.6,0.4,5.3,2.3,1.3,0.4,0.6,0.9,0.453,0.715,-0.21,-0.38,-1.4,-2.2,-1.51,-1.35,-2.09,-0.04,1.49,-0.85
Jamaree Bouyea,PHX,G,27.6,46.0,13.6,0.5,5.4,1.8,1.7,0.5,0.3,0.8,0.458,0.717,-0.17,-0.26,-1.34,-2.17,-1.73,-1.11,-1.77,-0.79,1.67,-0.85
Jericho Sims,MIL,C,28.3,60.0,16.3,0.0,3.8,4.5,1.1,0.3,0.3,0.8,0.701,0.654,0.9,-0.43,-1.81,-2.49,-0.59,-1.42,-2.63,-0.76,1.55,-0.85
Jevon Carter,CHI,G,31.4,52.0,13.8,1.2,5.2,1.3,1.4,0.5,0.2,0.6,0.394,0.766,-0.72,-0.04,-0.59,-2.23,-1.96,-1.3,-1.74,-1.05,1.94,-0.85
Jaylen Clark,MIN,G,25.3,60.0,13.1,0.6,4.5,1.7,0.7,0.7,0.1,0.4,0.465,0.718,-0.09,-0.33,-1.27,-2.35,-1.79,-1.63,-1.27,-1.17,2.22,-0.85
Duop Reath,POR,C,30.6,43.0,12.4,1.0,5.3,2.3,0.7,0.3,0.3,0.5,0.444,0.782,-0.27,-0.05,-0.86,-2.2,-1.51,-1.66,-2.49,-0.69,2.03,-0.86
Pete Nance,MIL,F,26.9,47.0,13.8,1.0,5.0,2.3,1.0,0.3,0.2,0.6,0.504,0.6,0.16,-0.32,-0.86,-2.26,-1.52,-1.5,-2.48,-0.9,1.96,-0.86
Yanic Konan Niederhauser,LAC,C,23.9,42.0,10.6,0.1,4.8,2.7,0.5,0.3,0.6,0.6,0.581,0.773,0.53,-0.16,-1.7,-2.29,-1.33,-1.76,-2.77,-0.19,1.92,-0.86
Pat Spencer,GS,G,30.6,59.0,14.3,0.7,5.5,2.0,2.6,0.6,0.1,1.0,0.428,0.767,-0.44,-0.1,-1.18,-2.17,-1.66,-0.65,-1.7,-1.23,1.38,-0.86
Aaron Holiday,HOU,G,30.3,57.0,14.2,1.2,5.6,1.3,1.4,0.4,0.1,0.7,0.434,0.854,-0.36,0.14,-0.65,-2.15,-1.95,-1.3,-2.12,-1.18,1.8,-0.86
Antonio Reeves,CHA,G,26.2,31.0,13.2,1.1,6.3,1.4,0.9,0.4,0.1,0.6,0.465,0.802,-0.12,-0.0,-0.7,-2.02,-1.89,-1.55,-2.19,-1.19,1.88,-0.87
Keaton Wallace,ATL,G,27.9,51.0,12.2,0.8,4.4,1.3,2.0,0.5,0.2,0.7,0.421,0.781,-0.4,-0.04,-1.02,-2.37,-1.94,-0.96,-1.78,-1.08,1.75,-0.87
Taelon Peter,IND,G,24.9,41.0,12.9,1.1,5.2,1.7,1.2,0.6,0.1,0.7,0.425,0.716,-0.42,-0.22,-0.74,-2.23,-1.79,-1.41,-1.67,-1.12,1.73,-0.87
Ron Harper Jr.,BOS,G,26.8,36.0,11.3,0.9,4.7,1.9,0.9,0.4,0.3,0.4,0.438,0.795,-0.29,-0.01,-0.91,-2.31,-1.71,-1.53,-2.38,-0.85,2.13,-0.87
Myron Gardner,MIA,F,25.7,44.0,9.4,0.6,4.0,2.5,1.0,0.4,0.2,0.4,0.487,0.758,0.04,-0.12,-1.23,-2.45,-1.42,-1.48,-2.32,-1.05,2.12,-0.88
Tyrese Proctor,CLE,G,22.8,47.0,11.0,1.0,5.8,1.4,1.5,0.4,0.1,0.7,0.434,0.871,-0.36,0.26,-0.87,-2.11,-1.91,-1.21,-2.09,-1.32,1.7,-0.88
Sidy Cissoko,POR,G,22.8,62.0,16.5,0.7,5.2,2.1,1.4,0.6,0.3,0.8,0.437,0.681,-0.32,-0.56,-1.11,-2.22,-1.62,-1.26,-1.56,-0.82,1.55,-0.88
Jaden Hardy,DAL,G,24.6,56.0,15.2,1.7,9.1,1.7,1.4,0.4,0.1,1.1,0.43,0.751,-0.63,-0.28,-0.17,-1.47,-1.79,-1.27,-2.3,-1.23,1.18,-0.88
Dwight Powell,DAL,F,35.5,58.0,12.9,0.1,3.0,3.2,1.1,0.4,0.3,0.5,0.63,0.693,0.43,-0.49,-1.78,-2.66,-1.14,-1.45,-2.12,-0.72,1.97,-0.88
Monte Morris,IND,PG,31.6,30.0,13.1,0.7,4.8,1.6,1.7,0.4,0.2,0.5,0.425,0.781,-0.39,-0.06,-1.11,-2.31,-1.83,-1.14,-2.11,-1.1,2.09,-0.89
Liam McNeeley,CHA,G,21.3,38.0,11.8,0.8,5.1,2.3,1.0,0.3,0.1,0.5,0.462,0.824,-0.12,0.11,-1.0,-2.23,-1.51,-1.51,-2.59,-1.12,2.0,-0.89
Dalen Terry,CHI,F,24.6,53.0,12.3,0.5,4.4,1.8,1.5,0.5,0.3,0.6,0.463,0.668,-0.11,-0.45,-1.3,-2.38,-1.73,-1.24,-1.75,-0.89,1.86,-0.89
Lachlan Olbrich,CHI,C,23.1,29.0,14.0,0.3,5.8,4.0,1.9,0.5,0.4,0.8,0.506,0.532,0.2,-1.85,-1.56,-2.1,-0.79,-1.05,-1.88,-0.6,1.63,-0.89
Jamal Cain,ORL,F,27.9,44.0,12.9,0.7,5.4,2.1,0.7,0.4,0.2,0.6,0.463,0.776,-0.12,-0.12,-1.1,-2.19,-1.62,-1.64,-2.14,-1.05,1.96,-0.89
Caleb Houstan,ATL,G,24.1,37.0,12.0,1.3,4.7,1.3,0.6,0.3,0.1,0.3,0.454,0.856,-0.16,0.1,-0.57,-2.32,-1.95,-1.68,-2.5,-1.22,2.29,-0.89
Christian Koloko,LAL,C,26.6,39.0,11.3,0.1,3.3,2.7,0.7,0.4,0.5,0.5,0.512,0.731,0.15,-0.16,-1.74,-2.6,-1.37,-1.67,-2.35,-0.3,2.02,-0.89
Johnny Furphy,IND,G,22.1,44.0,12.8,0.6,4.4,2.8,0.9,0.5,0.2,0.6,0.476,0.661,-0.02,-0.48,-1.27,-2.38,-1.3,-1.54,-2.02,-0.97,1.95,-0.89
Pat Connaughton,CHA,G,34.1,47.0,14.8,0.8,4.2,2.3,1.4,0.4,0.2,0.5,0.45,0.736,-0.18,-0.15,-1.07,-2.42,-1.5,-1.31,-2.35,-1.05,1.98,-0.9
Jalen Pickett,DEN,G,27.3,52.0,13.6,0.9,4.6,1.8,2.1,0.3,0.1,0.6,0.441,0.784,-0.26,-0.03,-0.95,-2.34,-1.76,-0.93,-2.48,-1.21,1.9,-0.9
Rayan Rupert,POR,G,22.7,59.0,14.1,0.7,5.0,2.4,1.1,0.6,0.1,0.8,0.413,0.792,-0.51,-0.03,-1.16,-2.27,-1.5,-1.44,-1.64,-1.18,1.66,-0.9
Jamison Battle,TOR,F,25.7,58.0,12.6,1.2,5.2,2.0,0.7,0.3,0.1,0.4,0.466,0.781,-0.1,-0.03,-0.64,-2.22,-1.64,-1.65,-2.77,-1.19,2.13,-0.9
Anthony Gill,WSH,F,34.3,54.0,13.2,0.3,4.4,2.2,0.9,0.4,0.2,0.5,0.544,0.726,0.35,-0.24,-1.55,-2.38,-1.56,-1.56,-2.26,-0.91,2.0,-0.9
DeAndre Jordan,NO,C,38.5,34.0,12.6,0.1,3.7,4.7,0.9,0.3,0.5,0.7,0.595,0.524,0.51,-1.11,-1.78,-2.51,-0.5,-1.56,-2.55,-0.4,1.75,-0.9
Bismack Biyombo,SA,C,34.4,37.0,14.8,0.1,3.6,3.7,0.9,0.4,0.5,0.8,0.554,0.546,0.36,-0.76,-1.77,-2.54,-0.91,-1.55,-2.32,-0.27,1.62,-0.91
A.J. Lawson,TOR,G,26.5,36.0,11.8,0.9,5.7,2.1,0.8,0.4,0.2,0.5,0.442,0.722,-0.29,-0.37,-0.97,-2.13,-1.61,-1.62,-2.22,-1.08,2.1,-0.91
Carter Bryant,SA,F,21.2,58.0,11.5,0.8,4.8,2.5,0.8,0.3,0.3,0.5,0.438,0.749,-0.29,-0.15,-1.03,-2.29,-1.44,-1.6,-2.63,-0.78,2.02,-0.91
Patrick Baldwin Jr.,LAC,G,24.2,29.0,9.5,0.8,4.3,2.2,0.7,0.3,0.3,0.4,0.459,0.737,-0.12,-0.18,-1.03,-2.4,-1.56,-1.67,-2.51,-0.87,2.12,-0.91
Colby Jones,DET,G,24.7,26.0,11.1,0.4,4.3,2.0,1.2,0.5,0.2,0.5,0.471,0.704,-0.06,-0.33,-1.44,-2.39,-1.63,-1.4,-2.05,-0.89,1.97,-0.91
Joan Beringer,MIN,F,20.2,42.0,7.9,0.1,4.2,2.1,0.5,0.2,0.5,0.4,0.583,0.746,0.5,-0.2,-1.73,-2.41,-1.6,-1.77,-2.83,-0.44,2.25,-0.91
Joe Ingles,MIN,F,39.3,34.0,12.8,0.7,3.1,1.6,2.1,0.5,0.1,0.8,0.462,0.804,-0.07,0.0,-1.16,-2.63,-1.85,-0.91,-1.99,-1.22,1.6,-0.91
Drew Timme,LAL,F,26.4,36.0,13.2,0.6,5.8,2.5,1.3,0.4,0.1,0.7,0.494,0.688,0.11,-0.37,-1.2,-2.1,-1.43,-1.35,-2.37,-1.23,1.68,-0.92
Maxi Kleber,LAL,F,35.0,46.0,15.9,0.4,3.2,2.6,1.1,0.4,0.4,0.6,0.452,0.675,-0.13,-0.35,-1.43,-2.62,-1.41,-1.46,-2.22,-0.52,1.88,-0.92
Rasheer Fleming,PHX,F,22.6,50.0,12.3,0.9,5.0,2.3,0.5,0.4,0.3,0.6,0.438,0.648,-0.3,-0.46,-0.95,-2.26,-1.54,-1.78,-2.2,-0.68,1.93,-0.92
Zeke Nnaji,DEN,F,26.1,54.0,11.0,0.3,3.7,2.1,0.6,0.4,0.5,0.4,0.489,0.714,0.04,-0.3,-1.56,-2.51,-1.6,-1.72,-2.42,-0.31,2.12,-0.92
Julian Phillips,CHI,F,23.2,54.0,11.3,0.6,4.3,1.6,0.5,0.4,0.2,0.3,0.461,0.797,-0.11,-0.02,-1.24,-2.41,-1.83,-1.77,-2.18,-1.01,2.27,-0.92
Colin Castleton,ORL,C,26.7,26.0,11.9,0.2,4.4,3.1,0.9,0.3,0.2,0.7,0.496,0.8,0.1,-0.01,-1.66,-2.39,-1.18,-1.54,-2.48,-0.95,1.81,-0.92
Mac McClung,IND,G,28.1,28.0,11.3,0.6,5.3,1.3,1.1,0.5,0.2,0.7,0.431,0.781,-0.37,-0.1,-1.23,-2.21,-1.94,-1.44,-1.94,-0.94,1.81,-0.93
Kobe Brown,LAC,G,27.1,56.0,12.2,0.6,4.3,2.3,1.0,0.3,0.2,0.6,0.47,0.788,-0.06,-0.03,-1.23,-2.4,-1.51,-1.48,-2.49,-1.08,1.89,-0.93
E.J. Liddell,BKN,F,26.1,36.0,10.0,0.6,4.4,1.9,0.8,0.3,0.3,0.5,0.486,0.816,0.03,0.04,-1.29,-2.37,-1.68,-1.61,-2.69,-0.87,2.05,-0.93
Rob Dillingham,MIN,G,22.1,59.0,13.3,0.7,6.3,1.7,2.3,0.6,0.1,1.3,0.425,0.741,-0.55,-0.19,-1.15,-2.0,-1.77,-0.81,-1.61,-1.25,0.94,-0.93
Khaman Maluach,PHX,C,20.4,45.0,8.9,0.2,3.8,2.7,0.3,0.2,0.5,0.5,0.531,0.754,0.24,-0.15,-1.64,-2.5,-1.36,-1.85,-2.89,-0.26,2.01,-0.93
Omer Yurtseven,GS,C,28.6,26.0,11.6,0.2,4.7,3.7,0.8,0.3,0.3,0.8,0.498,0.713,0.12,-0.31,-1.64,-2.32,-0.92,-1.59,-2.65,-0.85,1.66,-0.95
Xavier Tillman,BOS,F,28.1,39.0,11.2,0.3,3.3,2.3,0.8,0.5,0.4,0.5,0.432,0.562,-0.26,-0.48,-1.55,-2.6,-1.51,-1.58,-1.91,-0.66,2.04,-0.95
Trey Jemison III,NY,F,27.2,32.0,12.9,0.1,4.1,3.0,0.7,0.3,0.4,0.8,0.548,0.64,0.37,-0.52,-1.75,-2.45,-1.2,-1.63,-2.49,-0.46,1.57,-0.95
Tyler Kolek,NY,G,25.8,57.0,10.5,0.7,4.1,1.4,2.4,0.3,0.1,0.7,0.436,0.762,-0.27,-0.08,-1.18,-2.44,-1.92,-0.75,-2.45,-1.23,1.73,-0.95
Jett Howard,ORL,G,23.4,56.0,11.4,1.0,5.2,1.4,0.9,0.2,0.2,0.4,0.417,0.855,-0.48,0.13,-0.83,-2.22,-1.93,-1.57,-2.79,-1.04,2.12,-0.95
Wendell Moore Jr.,DET,F,25.4,29.0,10.2,0.3,3.6,1.8,1.0,0.4,0.1,0.5,0.5,0.824,0.1,0.05,-1.52,-2.54,-1.74,-1.52,-2.3,-1.12,2.0,-0.96
Rocco Zikarsky,MIN,C,20.6,24.0,7.4,0.3,3.8,1.8,0.8,0.2,0.3,0.4,0.501,0.84,0.1,0.11,-1.51,-2.5,-1.75,-1.61,-2.82,-0.83,2.2,-0.96
Jase Richardson,ORL,G,21.3,49.0,10.9,0.6,5.0,1.3,1.2,0.4,0.1,0.5,0.487,0.75,0.04,-0.19,-1.25,-2.26,-1.95,-1.4,-2.36,-1.26,2.02,-0.96
Tristan Enaruna,CLE,F,25.6,26.0,9.6,0.5,4.5,1.7,1.0,0.4,0.1,0.5,0.483,0.778,0.02,-0.08,-1.38,-2.36,-1.8,-1.52,-2.4,-1.15,2.06,-0.96
CJ Huntley,PHX,F,25.1,24.0,10.0,0.4,4.6,1.7,1.0,0.3,0.2,0.5,0.485,0.788,0.03,-0.04,-1.42,-2.35,-1.8,-1.52,-2.49,-1.08,2.05,-0.96
N'Faly Dante,ATL,C,25.3,24.0,7.9,0.3,3.8,2.1,0.7,0.3,0.2,0.4,0.503,0.806,0.11,0.01,-1.53,-2.5,-1.6,-1.66,-2.68,-0.92,2.15,-0.96
Grant Nelson,BKN,F,24.9,24.0,8.8,0.4,4.3,1.6,1.1,0.3,0.3,0.5,0.487,0.761,0.04,-0.17,-1.46,-2.39,-1.84,-1.45,-2.63,-0.72,1.98,-0.96
Isaiah Stevens,SAC,G,26.2,24.0,8.9,0.3,3.8,1.4,1.3,0.4,0.1,0.5,0.476,0.825,-0.02,0.07,-1.49,-2.5,-1.93,-1.34,-2.37,-1.13,2.08,-0.96
Tony Bradley,IND,C,29.1,43.0,10.8,0.1,4.4,2.8,0.6,0.2,0.3,0.5,0.538,0.726,0.32,-0.27,-1.7,-2.39,-1.32,-1.69,-2.78,-0.88,2.05,-0.96
Blake Wesley,POR,G,23.9,43.0,12.7,0.4,5.1,1.4,2.5,0.5,0.1,0.9,0.476,0.653,-0.03,-0.81,-1.48,-2.25,-1.93,-0.72,-1.77,-1.13,1.45,-0.96
Miles Kelly,DAL,G,24.0,29.0,9.6,0.7,4.1,1.7,1.0,0.3,0.1,0.5,0.448,0.801,-0.19,-0.0,-1.15,-2.43,-1.77,-1.5,-2.54,-1.13,2.04,-0.96
Jae'Sean Tate,HOU,F,31.3,50.0,11.9,0.3,3.5,2.2,0.8,0.4,0.1,0.5,0.484,0.688,0.02,-0.24,-1.52,-2.56,-1.56,-1.59,-2.17,-1.13,2.07,-0.96
Terrence Shannon Jr.,MIN,G,26.5,47.0,11.7,0.6,5.3,1.4,1.0,0.3,0.1,0.6,0.468,0.803,-0.08,0.0,-1.21,-2.21,-1.93,-1.5,-2.51,-1.22,1.95,-0.97
RayJ Dennis,IND,G,25.8,32.0,10.2,0.7,4.4,1.5,1.6,0.4,0.2,0.7,0.391,0.834,-0.62,0.08,-1.1,-2.39,-1.86,-1.18,-2.42,-0.99,1.78,-0.97
Tolu Smith,DET,F,26.5,30.0,9.8,0.2,4.5,2.8,0.9,0.3,0.3,0.5,0.499,0.712,0.11,-0.48,-1.62,-2.36,-1.3,-1.52,-2.67,-0.85,1.98,-0.97
Isaiah Livers,PHX,F,28.5,40.0,12.7,0.6,3.4,1.8,0.8,0.4,0.2,0.5,0.42,0.745,-0.32,-0.13,-1.27,-2.57,-1.72,-1.58,-2.2,-0.97,2.01,-0.97
Taj Gibson,MEM,F,41.6,31.0,10.8,0.2,3.0,2.7,0.7,0.3,0.4,0.5,0.484,0.736,0.02,-0.14,-1.67,-2.65,-1.36,-1.68,-2.61,-0.67,2.01,-0.97
Malevy Leons,GS,F,27.4,35.0,9.8,0.2,3.6,1.8,0.9,0.4,0.3,0.5,0.473,0.766,-0.03,-0.11,-1.6,-2.54,-1.73,-1.56,-2.32,-0.89,2.03,-0.97
Lindy Waters III,SA,F,29.5,47.0,10.5,1.0,3.8,1.4,0.8,0.3,0.1,0.3,0.408,0.764,-0.41,-0.04,-0.83,-2.5,-1.91,-1.62,-2.57,-1.14,2.28,-0.97
PJ Hall,MEM,C,24.9,32.0,8.3,0.2,3.8,2.5,0.6,0.2,0.3,0.5,0.509,0.795,0.14,-0.03,-1.6,-2.49,-1.44,-1.72,-2.91,-0.79,2.04,-0.98
Jeff Green,HOU,F,40.4,40.0,12.5,0.6,4.4,1.7,0.7,0.2,0.2,0.4,0.45,0.811,-0.17,0.03,-1.2,-2.38,-1.77,-1.67,-2.83,-0.92,2.13,-0.98
Skal Labissiere,WSH,C,30.9,24.0,8.8,0.4,3.8,1.7,0.9,0.3,0.2,0.4,0.484,0.78,0.02,-0.05,-1.39,-2.49,-1.76,-1.56,-2.61,-1.06,2.11,-0.98
DaRon Holmes II,DEN,F,24.5,34.0,8.4,0.7,4.0,1.4,0.8,0.2,0.2,0.5,0.498,0.791,0.09,-0.03,-1.09,-2.46,-1.89,-1.62,-2.92,-1.0,2.08,-0.98
Tyler Smith,DAL,F,22.2,30.0,8.5,0.7,4.2,1.7,0.5,0.3,0.1,0.4,0.474,0.772,-0.03,-0.07,-1.14,-2.42,-1.79,-1.76,-2.64,-1.16,2.13,-0.99
Keshad Johnson,MIA,F,25.6,40.0,8.0,0.4,3.9,1.8,0.4,0.3,0.2,0.4,0.503,0.713,0.12,-0.27,-1.45,-2.48,-1.74,-1.81,-2.48,-0.98,2.19,-0.99
AJ Johnson,WSH,G,22.2,48.0,13.6,0.5,5.7,1.6,1.7,0.4,0.1,0.8,0.391,0.864,-0.81,0.27,-1.29,-2.13,-1.84,-1.12,-2.4,-1.21,1.6,-0.99
Doug McDermott,SAC,F,35.1,41.0,12.4,1.3,4.5,1.0,0.7,0.2,0.1,0.4,0.421,0.726,-0.38,-0.09,-0.49,-2.36,-2.1,-1.65,-2.79,-1.25,2.17,-0.99
Mohamed Diawara,NY,F,21.8,56.0,9.3,0.8,4.1,1.4,0.9,0.3,0.1,0.5,0.45,0.779,-0.17,-0.05,-1.08,-2.43,-1.89,-1.56,-2.66,-1.2,2.09,-0.99
Curtis Jones,DEN,G,25.3,27.0,8.7,0.6,3.8,1.4,1.0,0.3,0.1,0.4,0.466,0.76,-0.08,-0.1,-1.27,-2.49,-1.93,-1.49,-2.57,-1.18,2.16,-0.99
John Tonje,BOS,G,25.8,24.0,8.4,0.5,3.9,1.4,0.8,0.3,0.1,0.4,0.454,0.827,-0.14,0.07,-1.3,-2.48,-1.9,-1.6,-2.63,-1.14,2.17,-0.99
Ariel Hukporti,NY,C,24.8,52.0,9.1,0.1,2.7,2.6,0.6,0.2,0.4,0.6,0.576,0.74,0.32,-0.16,-1.76,-2.71,-1.41,-1.7,-2.9,-0.51,1.88,-0.99
Kobe Bufkin,LAL,G,23.4,31.0,9.8,0.5,4.8,1.5,1.3,0.3,0.2,0.5,0.406,0.792,-0.55,-0.04,-1.33,-2.3,-1.85,-1.34,-2.58,-0.99,2.0,-1.0
Jordan McLaughlin,SA,G,30.8,48.0,8.0,0.5,2.6,0.9,1.2,0.4,0.1,0.4,0.461,0.774,-0.06,-0.04,-1.31,-2.73,-2.12,-1.38,-2.28,-1.28,2.23,-1.0
Andre Jackson Jr.,MIL,G,25.2,52.0,11.8,0.4,3.3,2.2,1.2,0.4,0.1,0.7,0.453,0.651,-0.13,-0.31,-1.4,-2.59,-1.57,-1.41,-2.18,-1.12,1.73,-1.0
Olivier Sarr,CLE,F,27.9,24.0,7.6,0.4,3.3,1.9,0.7,0.2,0.3,0.4,0.516,0.697,0.15,-0.32,-1.47,-2.59,-1.69,-1.66,-2.83,-0.85,2.2,-1.01
Yuki Kawamura,CHI,G,25.8,33.0,8.2,0.5,3.2,1.3,1.6,0.3,0.1,0.5,0.432,0.836,-0.21,0.1,-1.33,-2.61,-1.96,-1.17,-2.66,-1.3,2.06,-1.01
MarJon Beauchamp,PHI,F,26.3,33.0,9.7,0.7,4.3,1.8,0.7,0.3,0.1,0.6,0.465,0.733,-0.09,-0.21,-1.18,-2.4,-1.75,-1.65,-2.61,-1.15,1.94,-1.01
Hunter Dickinson,NO,C,26.2,24.0,8.6,0.3,3.8,1.4,0.8,0.3,0.2,0.5,0.461,0.807,-0.1,0.01,-1.49,-2.49,-1.92,-1.6,-2.67,-0.98,2.05,-1.02
Nate Williams,GS,G,28.0,31.0,10.1,0.5,4.7,1.3,0.7,0.3,0.1,0.6,0.473,0.75,-0.04,-0.15,-1.35,-2.33,-1.93,-1.65,-2.51,-1.18,1.86,-1.03
Koby Brea,PHX,G,24.2,28.0,7.1,0.8,3.6,1.0,0.8,0.2,0.1,0.4,0.455,0.811,-0.12,0.02,-1.07,-2.53,-2.08,-1.58,-2.9,-1.23,2.21,-1.03
Dillon Jones,NY,F,25.3,31.0,9.5,0.4,3.1,2.0,1.1,0.3,0.1,0.5,0.438,0.726,-0.2,-0.19,-1.49,-2.63,-1.66,-1.46,-2.55,-1.23,2.08,-1.04
Kevin McCullar Jr.,NY,G,25.9,32.0,8.1,0.4,3.3,1.5,1.0,0.3,0.1,0.5,0.463,0.726,-0.08,-0.16,-1.42,-2.6,-1.86,-1.51,-2.55,-1.22,2.07,-1.04
Enrique Freeman,MIN,F,26.5,26.0,8.7,0.3,3.4,1.6,0.7,0.3,0.2,0.4,0.492,0.736,0.05,-0.21,-1.56,-2.58,-1.82,-1.67,-2.71,-0.99,2.15,-1.04
Stanley Umude,SA,G,27.8,25.0,7.7,0.5,3.1,1.3,0.5,0.2,0.2,0.4,0.441,0.825,-0.16,0.05,-1.31,-2.64,-1.95,-1.77,-2.79,-1.0,2.22,-1.04
Bronny James,LAL,G,22.3,46.0,8.3,0.5,3.3,0.8,1.2,0.4,0.1,0.5,0.427,0.813,-0.27,0.02,-1.32,-2.59,-2.19,-1.41,-2.4,-1.18,2.0,-1.04
Brooks Barnhizer,OKC,F,24.9,42.0,8.7,0.3,2.7,1.9,0.7,0.3,0.1,0.4,0.465,0.761,-0.06,-0.07,-1.58,-2.71,-1.71,-1.67,-2.65,-1.13,2.25,-1.04
Drew Peterson,CHA,F,27.2,27.0,8.4,0.5,3.0,1.5,0.6,0.3,0.1,0.4,0.449,0.766,-0.13,-0.07,-1.34,-2.66,-1.86,-1.68,-2.65,-1.17,2.22,-1.04
Luke Travers,CLE,F,25.4,29.0,8.1,0.2,2.9,1.7,0.8,0.3,0.2,0.4,0.41,0.869,-0.33,0.16,-1.64,-2.66,-1.78,-1.59,-2.62,-1.04,2.12,-1.04
David Jones Garcia,SA,F,25.2,28.0,6.4,0.3,3.1,1.2,1.1,0.3,0.1,0.4,0.482,0.718,0.01,-0.19,-1.5,-2.64,-2.01,-1.43,-2.76,-1.19,2.22,-1.05
Riley Minix,SA,F,26.4,27.0,6.6,0.4,3.3,1.0,0.7,0.2,0.1,0.4,0.492,0.816,0.05,0.03,-1.44,-2.6,-2.07,-1.68,-2.89,-1.17,2.25,-1.06
Amari Williams,BOS,F,25.0,32.0,6.9,0.2,2.6,1.6,0.6,0.2,0.3,0.4,0.515,0.758,0.11,-0.11,-1.68,-2.74,-1.81,-1.7,-2.91,-0.84,2.14,-1.06
Trey Alexander,NO,G,23.8,29.0,7.4,0.4,3.3,1.0,0.8,0.3,0.1,0.4,0.461,0.757,-0.09,-0.09,-1.46,-2.59,-2.1,-1.62,-2.74,-1.17,2.26,-1.07
JD Davison,HOU,G,24.3,38.0,7.2,0.4,3.0,1.2,1.2,0.2,0.2,0.4,0.437,0.743,-0.18,-0.15,-1.49,-2.66,-2.0,-1.41,-2.8,-1.1,2.17,-1.07
Cam Christie,LAC,G,21.5,50.0,8.3,0.3,3.3,1.4,0.7,0.3,0.1,0.4,0.427,0.776,-0.25,-0.09,-1.56,-2.59,-1.9,-1.67,-2.59,-1.25,2.18,-1.08
Zyon Pullin,MIN,G,25.9,25.0,6.0,0.3,3.0,0.9,0.9,0.2,0.1,0.3,0.496,0.827,0.06,0.05,-1.56,-2.66,-2.13,-1.57,-2.97,-1.23,2.27,-1.08
Chucky Hepburn,TOR,G,24.0,23.0,6.5,0.3,3.1,1.1,0.8,0.2,0.1,0.4,0.448,0.792,-0.14,-0.02,-1.5,-2.64,-2.04,-1.6,-2.86,-1.18,2.23,-1.08
Buddy Boeheim,OKC,F,27.2,24.0,6.5,0.6,3.1,0.9,0.5,0.2,0.1,0.3,0.446,0.797,-0.14,-0.01,-1.28,-2.64,-2.11,-1.74,-2.99,-1.21,2.33,-1.09
Chaz Lanier,DET,G,25.1,38.0,8.0,0.6,3.1,0.9,0.6,0.2,0.1,0.3,0.406,0.8,-0.36,-0.0,-1.27,-2.64,-2.12,-1.69,-2.78,-1.29,2.36,-1.09
Isaac Jones,SAC,C,26.6,30.0,7.1,0.2,3.2,1.3,0.4,0.2,0.2,0.4,0.554,0.707,0.28,-0.28,-1.68,-2.6,-1.96,-1.79,-2.99,-1.04,2.22,-1.09
Garrett Temple,TOR,G,40.7,36.0,7.2,0.3,2.1,1.0,0.8,0.3,0.1,0.4,0.404,0.792,-0.24,-0.02,-1.57,-2.83,-2.07,-1.6,-2.5,-1.2,2.19,-1.09
Chris Youngblood,OKC,G,25.0,38.0,5.8,0.5,2.6,0.9,0.5,0.2,0.1,0.2,0.433,0.832,-0.17,0.05,-1.33,-2.73,-2.11,-1.76,-3.04,-1.21,2.44,-1.1
TyTy Washington Jr.,LAC,G,25.2,31.0,6.3,0.3,2.5,0.8,1.0,0.2,0.1,0.3,0.438,0.735,-0.16,-0.1,-1.55,-2.76,-2.19,-1.52,-2.82,-1.22,2.35,-1.11
Alijah Martin,TOR,G,25.1,34.0,6.3,0.3,2.7,1.0,0.6,0.2,0.1,0.4,0.428,0.792,-0.2,-0.03,-1.58,-2.71,-2.08,-1.7,-2.81,-1.13,2.26,-1.11
Hunter Tyson,DEN,F,26.6,38.0,7.1,0.4,2.7,1.4,0.6,0.2,0.1,0.3,0.402,0.793,-0.32,-0.02,-1.41,-2.72,-1.9,-1.73,-2.99,-1.24,2.33,-1.11
Chris Manon,LAL,G,25.1,26.0,5.2,0.2,2.2,1.0,0.5,0.2,0.1,0.3,0.484,0.782,0.01,-0.04,-1.64,-2.81,-2.08,-1.75,-2.93,-1.17,2.38,-1.11
Alex Morales,ORL,G,29.2,24.0,6.0,0.3,2.7,1.0,0.7,0.2,0.1,0.4,0.468,0.803,-0.04,0.0,-1.57,-2.71,-2.08,-1.64,-2.99,-1.21,2.21,-1.11
Emanuel Miller,CHI,F,26.6,25.0,5.3,0.3,2.5,1.0,0.6,0.2,0.1,0.3,0.471,0.777,-0.03,-0.05,-1.56,-2.75,-2.1,-1.71,-3.0,-1.26,2.4,-1.12
Bobi Klintman,DET,F,23.9,29.0,5.9,0.3,2.6,1.2,0.7,0.2,0.1,0.3,0.463,0.672,-0.06,-0.23,-1.49,-2.73,-1.99,-1.66,-2.92,-1.25,2.27,-1.12
Adou Thiero,LAL,F,22.7,34.0,6.0,0.2,2.6,1.1,0.5,0.2,0.1,0.3,0.512,0.714,0.11,-0.25,-1.67,-2.73,-2.03,-1.74,-2.87,-1.22,2.27,-1.13
Harrison Ingram,SA,F,24.2,26.0,4.9,0.2,2.3,0.9,0.5,0.2,0.1,0.3,0.514,0.796,0.1,-0.01,-1.61,-2.8,-2.12,-1.76,-3.06,-1.28,2.39,-1.13
Nigel Hayes-Davis,PHX,F,32.2,36.0,7.2,0.2,2.2,1.2,0.4,0.3,0.1,0.4,0.442,0.729,-0.14,-0.11,-1.66,-2.8,-1.98,-1.79,-2.77,-1.21,2.25,-1.13
Jayson Kent,POR,G,25.0,24.0,4.6,0.3,2.2,0.9,0.4,0.2,0.1,0.2,0.482,0.801,0.01,-0.0,-1.58,-2.8,-2.14,-1.79,-3.11,-1.22,2.42,-1.14
Pacome Dadiet,NY,F,21.5,38.0,5.4,0.3,2.3,1.0,0.5,0.2,0.1,0.2,0.43,0.798,-0.17,-0.01,-1.52,-2.78,-2.09,-1.76,-3.07,-1.26,2.43,-1.14
Isaiah Crawford,HOU,F,25.2,30.0,5.2,0.2,2.2,0.9,0.4,0.2,0.1,0.3,0.48,0.786,-0.0,-0.03,-1.62,-2.82,-2.12,-1.81,-3.09,-1.15,2.39,-1.14
Chris Livingston,CLE,F,23.3,26.0,5.0,0.1,2.3,1.2,0.4,0.2,0.1,0.3,0.484,0.798,0.01,-0.01,-1.7,-2.79,-1.98,-1.8,-3.03,-1.32,2.38,-1.14
Yang Hansen,POR,C,21.6,44.0,7.0,0.2,2.9,1.5,0.6,0.2,0.2,0.6,0.406,0.825,-0.33,0.07,-1.64,-2.67,-1.87,-1.69,-3.04,-1.02,1.94,-1.14
Sean Pedulla,LAC,G,24.3,26.0,4.4,0.3,2.1,0.7,0.6,0.1,0.1,0.2,0.452,0.79,-0.08,-0.02,-1.53,-2.82,-2.2,-1.72,-3.17,-1.28,2.42,-1.16
Jacob Toppin,ATL,F,26.7,26.0,4.4,0.2,1.9,0.8,0.4,0.1,0.1,0.2,0.485,0.805,0.01,0.0,-1.6,-2.86,-2.18,-1.79,-3.19,-1.27,2.45,-1.16
Jahmir Young,MIA,G,26.3,29.0,4.6,0.2,2.1,0.6,0.6,0.1,0.1,0.2,0.468,0.822,-0.03,0.03,-1.59,-2.83,-2.25,-1.68,-3.18,-1.3,2.41,-1.16
Mark Sears,MIL,G,24.9,25.0,4.3,0.4,2.3,0.7,0.5,0.1,0.1,0.3,0.467,0.78,-0.04,-0.04,-1.49,-2.78,-2.21,-1.77,-3.18,-1.28,2.37,-1.16
Norchad Omier,LAC,F,25.4,25.0,3.8,0.2,2.0,0.8,0.4,0.1,0.1,0.2,0.488,0.818,0.02,0.02,-1.66,-2.85,-2.18,-1.8,-3.21,-1.29,2.48,-1.16
Trentyn Flowers,CHI,F,21.9,24.0,3.8,0.2,2.1,0.7,0.4,0.1,0.1,0.2,0.477,0.833,-0.01,0.05,-1.65,-2.83,-2.22,-1.8,-3.23,-1.3,2.45,-1.17
Javonte Cooke,POR,G,27.6,31.0,5.2,0.2,2.1,1.0,0.5,0.2,0.1,0.3,0.396,0.806,-0.29,0.0,-1.61,-2.83,-2.08,-1.76,-2.96,-1.29,2.27,-1.17
Johni Broome,PHI,F,24.5,28.0,5.0,0.2,2.1,1.1,0.5,0.2,0.1,0.3,0.415,0.679,-0.22,-0.23,-1.65,-2.82,-2.04,-1.75,-3.03,-1.19,2.36,-1.18
Max Shulga,BOS,G,24.6,26.0,4.1,0.2,1.8,0.7,0.4,0.1,0.1,0.2,0.468,0.811,-0.03,0.01,-1.64,-2.88,-2.2,-1.81,-3.18,-1.29,2.42,-1.18
Tristen Newton,HOU,G,25.8,23.0,3.8,0.2,1.9,0.7,0.4,0.1,0.1,0.2,0.443,0.782,-0.1,-0.03,-1.6,-2.87,-2.2,-1.81,-3.2,-1.3,2.46,-1.18
Thanasis Antetokounmpo,MIL,F,34.5,38.0,4.6,0.1,1.5,0.7,0.5,0.2,0.1,0.3,0.494,0.628,0.03,-0.3,-1.77,-2.94,-2.19,-1.77,-2.93,-1.17,2.33,-1.19
Alex Antetokounmpo,MIL,F,25.4,25.0,3.3,0.2,1.8,0.7,0.3,0.1,0.1,0.2,0.464,0.766,-0.03,-0.07,-1.62,-2.89,-2.22,-1.84,-3.29,-1.28,2.5,-1.19
Hunter Sallis,PHI,G,23.9,26.0,3.6,0.2,1.7,0.6,0.5,0.1,0.1,0.2,0.489,0.764,0.02,-0.05,-1.67,-2.91,-2.28,-1.78,-3.26,-1.27,2.42,-1.2
Jahmyl Telfort,LAC,F,25.8,26.0,4.2,0.2,1.8,0.7,0.4,0.1,0.1,0.2,0.471,0.693,-0.02,-0.17,-1.66,-2.89,-2.22,-1.81,-3.17,-1.29,2.44,-1.2
Noa Essengue,CHI,F,20.1,23.0,3.0,0.2,1.5,0.5,0.3,0.1,0.1,0.2,0.466,0.8,-0.03,-0.0,-1.67,-2.94,-2.29,-1.84,-3.28,-1.31,2.53,-1.2
Darius Brown II,CLE,G,27.5,22.0,3.0,0.2,1.4,0.6,0.3,0.1,0.1,0.2,0.466,0.784,-0.03,-0.02,-1.68,-2.97,-2.27,-1.85,-3.32,-1.32,2.53,-1.21
Vladislav Goldin,MIA,C,25.7,26.0,2.6,0.1,1.2,0.6,0.3,0.1,0.1,0.2,0.49,0.799,0.02,-0.0,-1.72,-3.01,-2.27,-1.86,-3.38,-1.27,2.54,-1.22
Trevor Keels,MIA,G,23.4,26.0,2.0,0.1,1.0,0.4,0.2,0.1,0.0,0.1,0.442,0.792,-0.05,-0.01,-1.7,-3.04,-2.36,-1.91,-3.42,-1.36,2.61,-1.25
